albus_dumbledore,richard_harris,Albus Dumbledore,Richard Harris,https://www.imdb.com/title/tt0241527/characters/nm0001321
professor_mcgonagall,maggie_smith,Professor McGonagall,Maggie Smith,https://www.imdb.com/title/tt0241527/characters/nm0001749
hagrid,robbie_coltrane,Hagrid,Robbie Coltrane,https://www.imdb.com/title/tt0241527/characters/nm0001059
baby_harry_potter,saunders_triplets,Baby Harry Potter,Saunders Triplets,https://www.imdb.com/title/tt0241527/characters/nm1196732
harry_potter,daniel_radcliffe,Harry Potter,Daniel Radcliffe,https://www.imdb.com/title/tt0241527/characters/nm0705356
aunt_petunia_dursley,fiona_shaw,Aunt Petunia Dursley,Fiona Shaw,https://www.imdb.com/title/tt0241527/characters/nm0789716
dudley_dursley,harry_melling,Dudley Dursley,Harry Melling,https://www.imdb.com/title/tt0241527/characters/nm0577982
uncle_vernon_dursley,richard_griffiths,Uncle Vernon Dursley,Richard Griffiths,https://www.imdb.com/title/tt0241527/characters/nm0341743
professor_quirrell,ian_hart,Professor Quirrell,Ian Hart,https://www.imdb.com/title/tt0241527/characters/nm0001324
diagon_alley_boy,ben_borowiecki,Diagon Alley Boy,Ben Borowiecki,https://www.imdb.com/title/tt0241527/characters/nm1089198
goblin_bank_teller,warwick_davis,Goblin Bank Teller,Warwick Davis,https://www.imdb.com/title/tt0241527/characters/nm0001116
mr_ollivander,john_hurt,Mr. Ollivander,John Hurt,https://www.imdb.com/title/tt0241527/characters/nm0000457
he_who_must_not_be_named,richard_bremmer,He Who Must Not Be Named,Richard Bremmer,https://www.imdb.com/title/tt0241527/characters/nm0107101
station_guard,harry_taylor,Station Guard,Harry Taylor,https://www.imdb.com/title/tt0241527/characters/nm0852442
mrs_weasley,julie_walters,Mrs. Weasley,Julie Walters,https://www.imdb.com/title/tt0241527/characters/nm0910278
ginny_weasley,bonnie_wright,Ginny Weasley,Bonnie Wright,https://www.imdb.com/title/tt0241527/characters/nm0942247
percy_weasley,chris_rankin,Percy Weasley,Chris Rankin,https://www.imdb.com/title/tt0241527/characters/nm0710242
fred_weasley,james_phelps,Fred Weasley,James Phelps,https://www.imdb.com/title/tt0241527/characters/nm0962359
george_weasley,oliver_phelps,George Weasley,Oliver Phelps,https://www.imdb.com/title/tt0241527/characters/nm0962360
ron_weasley,rupert_grint,Ron Weasley,Rupert Grint,https://www.imdb.com/title/tt0241527/characters/nm0342488
dimpled_woman_on_train,jean_southern,Dimpled Woman on Train,Jean Southern,https://www.imdb.com/title/tt0241527/characters/nm0816128
hermione_granger,emma_watson,Hermione Granger,Emma Watson,https://www.imdb.com/title/tt0241527/characters/nm0914612
neville_longbottom,matthew_lewis,Neville Longbottom,Matthew Lewis,https://www.imdb.com/title/tt0241527/characters/nm0507535
draco_malfoy,tom_felton,Draco Malfoy,Tom Felton,https://www.imdb.com/title/tt0241527/characters/nm0271657
crabbe,jamie_waylett,Crabbe,Jamie Waylett,https://www.imdb.com/title/tt0241527/characters/nm0915488
seamus_finnigan,devon_murray,Seamus Finnigan,Devon Murray,https://www.imdb.com/title/tt0241527/characters/nm0614912
dean_thomas,alfred_enoch,Dean Thomas,Alfred Enoch,https://www.imdb.com/title/tt0241527/characters/nm0257917
the_sorting_hat,leslie_phillips,The Sorting Hat,Leslie Phillips,https://www.imdb.com/title/tt0241527/characters/nm0680587
nearly_headless_nick,john_cleese,Nearly Headless Nick,John Cleese,https://www.imdb.com/title/tt0241527/characters/nm0000092
the_bloody_barron,terence_bayler,The Bloody Barron,Terence Bayler,https://www.imdb.com/title/tt0241527/characters/nm0063027
fat_friar,simon_fisherbecker,Fat Friar,Simon Fisher-Becker,https://www.imdb.com/title/tt0241527/characters/nm0279839
the_grey_lady,nina_young,The Grey Lady,Nina Young,https://www.imdb.com/title/tt0241527/characters/nm0949926
mr_filch,david_bradley,Mr. Filch,David Bradley,https://www.imdb.com/title/tt0241527/characters/nm0103195
professor_snape,alan_rickman,Professor Snape,Alan Rickman,https://www.imdb.com/title/tt0241527/characters/nm0000614
madame_hooch,zoe_wanamaker,Madame Hooch,Zoë Wanamaker,https://www.imdb.com/title/tt0241527/characters/nm0910738
lee_jordan,luke_youngblood,Lee Jordan,Luke Youngblood,https://www.imdb.com/title/tt0241527/characters/nm1009350
oliver_wood,sean_biggerstaff,Oliver Wood,Sean Biggerstaff,https://www.imdb.com/title/tt0241527/characters/nm0081801
alicia_spinnet,leilah_sutherland,Alicia Spinnet,Leilah Sutherland,https://www.imdb.com/title/tt0241527/characters/nm1091399
marcus_flint,will_theakston,Marcus Flint,Will Theakston,https://www.imdb.com/title/tt0241527/characters/nm1008268
james_potter,adrian_rawlins,James Potter,Adrian Rawlins,https://www.imdb.com/title/tt0241527/characters/nm0712628
firenze,ray_fearon,Firenze,Ray Fearon,https://www.imdb.com/title/tt0241527/characters/nm0269909
dedalus_diggle,david_brett,Dedalus Diggle,David Brett,https://www.imdb.com/title/tt0241527/characters/nm1693271
the_ghost_of_the_cavalier,paul_marc_davis,The Ghost of the Cavalier,Paul Marc Davis,https://www.imdb.com/title/tt0241527/characters/nm1788798
hogwarts_schoolboy,derek_hough,Hogwarts Schoolboy,Derek Hough,https://www.imdb.com/title/tt0241527/characters/nm2625538
amanda,christina_petrou,Amanda,Christina Petrou,https://www.imdb.com/title/tt0241527/characters/nm6410242
harry_potter,daniel_radcliffe,Harry Potter,Daniel Radcliffe,https://www.imdb.com/title/tt0295297/characters/nm0705356
ron_weasley,rupert_grint,Ron Weasley,Rupert Grint,https://www.imdb.com/title/tt0295297/characters/nm0342488
hermione_granger,emma_watson,Hermione Granger,Emma Watson,https://www.imdb.com/title/tt0295297/characters/nm0914612
uncle_vernon,richard_griffiths,Uncle Vernon,Richard Griffiths,https://www.imdb.com/title/tt0295297/characters/nm0341743
aunt_petunia,fiona_shaw,Aunt Petunia,Fiona Shaw,https://www.imdb.com/title/tt0295297/characters/nm0789716
dudley_dursley,harry_melling,Dudley Dursley,Harry Melling,https://www.imdb.com/title/tt0295297/characters/nm0577982
dobby,toby_jones,Dobby,Toby Jones,https://www.imdb.com/title/tt0295297/characters/nm0429363
fred_weasley,james_phelps,Fred Weasley,James Phelps,https://www.imdb.com/title/tt0295297/characters/nm0962359
george_weasley,oliver_phelps,George Weasley,Oliver Phelps,https://www.imdb.com/title/tt0295297/characters/nm0962360
mrs_weasley,julie_walters,Mrs. Weasley,Julie Walters,https://www.imdb.com/title/tt0295297/characters/nm0910278
ginny_weasley,bonnie_wright,Ginny Weasley,Bonnie Wright,https://www.imdb.com/title/tt0295297/characters/nm0942247
mr_weasley,mark_williams,Mr. Weasley,Mark Williams,https://www.imdb.com/title/tt0295297/characters/nm0931247
percy_weasley,chris_rankin,Percy Weasley,Chris Rankin,https://www.imdb.com/title/tt0295297/characters/nm0710242
draco_malfoy,tom_felton,Draco Malfoy,Tom Felton,https://www.imdb.com/title/tt0295297/characters/nm0271657
lucius_malfoy,jason_isaacs,Lucius Malfoy,Jason Isaacs,https://www.imdb.com/title/tt0295297/characters/nm0005042
mr_borgin,edward_tudorpole,Mr Borgin,Edward Tudor-Pole,https://www.imdb.com/title/tt0295297/characters/nm0876128
hagrid_the_giant,robbie_coltrane,Hagrid The Giant,Robbie Coltrane,https://www.imdb.com/title/tt0295297/characters/nm0001059
gilderoy_lockhart,kenneth_branagh,Gilderoy Lockhart,Kenneth Branagh,https://www.imdb.com/title/tt0295297/characters/nm0000110
angus_,ben_borowiecki,Angus (Diagon Alley Boy),Ben Borowiecki,https://www.imdb.com/title/tt0295297/characters/nm1089198
neville_longbottom,matthew_lewis,Neville Longbottom,Matthew Lewis,https://www.imdb.com/title/tt0295297/characters/nm0507535
seamus_finnigan,devon_murray,Seamus Finnigan,Devon Murray,https://www.imdb.com/title/tt0295297/characters/nm0614912
argus_filch,david_bradley,Argus Filch,David Bradley,https://www.imdb.com/title/tt0295297/characters/nm0103195
professor_snape,alan_rickman,Professor Snape,Alan Rickman,https://www.imdb.com/title/tt0295297/characters/nm0000614
albus_dumbledore,richard_harris,Albus Dumbledore,Richard Harris,https://www.imdb.com/title/tt0295297/characters/nm0001321
professor_mcgonagall,maggie_smith,Professor McGonagall,Maggie Smith,https://www.imdb.com/title/tt0295297/characters/nm0001749
crabbe,jamie_waylett,Crabbe,Jamie Waylett,https://www.imdb.com/title/tt0295297/characters/nm0915488
goyle,josh_herdman,Goyle,Josh Herdman,https://www.imdb.com/title/tt0295297/characters/nm0378830
professor_sprout,miriam_margolyes,Professor Sprout,Miriam Margolyes,https://www.imdb.com/title/tt0295297/characters/nm0546816
penelope_clearwater,gemma_padley,Penelope Clearwater,Gemma Padley,https://www.imdb.com/title/tt0295297/characters/nm1132970
nearly_headless_nick,john_cleese,Nearly Headless Nick,John Cleese,https://www.imdb.com/title/tt0295297/characters/nm0000092
colin_creevey,hugh_mitchell,Colin Creevey,Hugh Mitchell,https://www.imdb.com/title/tt0295297/characters/nm1087234
dean_thomas,alfred_enoch,Dean Thomas,Alfred Enoch,https://www.imdb.com/title/tt0295297/characters/nm0257917
susan_bones,eleanor_columbus,Susan Bones,Eleanor Columbus,https://www.imdb.com/title/tt0295297/characters/nm0173384
oliver_wood,sean_biggerstaff,Oliver Wood,Sean Biggerstaff,https://www.imdb.com/title/tt0295297/characters/nm0081801
alicia_spinnet,rochelle_douglas,Alicia Spinnet,Rochelle Douglas,https://www.imdb.com/title/tt0295297/characters/nm1296702
katie_bell,emily_dale,Katie Bell,Emily Dale,https://www.imdb.com/title/tt0295297/characters/nm1092552
angelina_johnson,danielle_tabor,Angelina Johnson,Danielle Tabor,https://www.imdb.com/title/tt0295297/characters/nm1092815
marcus_flint,jamie_yeates,Marcus Flint,Jamie Yeates,https://www.imdb.com/title/tt0295297/characters/nm1208105
professor_flitwick,warwick_davis,Professor Flitwick,Warwick Davis,https://www.imdb.com/title/tt0295297/characters/nm0001116
lee_jordan,luke_youngblood,Lee Jordan,Luke Youngblood,https://www.imdb.com/title/tt0295297/characters/nm1009350
adrian_pucey,scot_fearn,Adrian Pucey,Scot Fearn,https://www.imdb.com/title/tt0295297/characters/nm1092030
slytherin_beater_no1,david_holmes,Slytherin Beater No1,David Holmes,https://www.imdb.com/title/tt0295297/characters/nm1088505
slytherin_beater_no2,david_massam,Slytherin Beater No2,David Massam,https://www.imdb.com/title/tt0295297/characters/nm1296246
slytherin_beater_no3,tony_christian,Slytherin Beater No3,Tony Christian,https://www.imdb.com/title/tt0295297/characters/nm1290161
slytherin_keeper,david_churchyard,Slytherin Keeper,David Churchyard,https://www.imdb.com/title/tt0295297/characters/nm1291634
madam_pomfrey,gemma_jones,Madam Pomfrey,Gemma Jones,https://www.imdb.com/title/tt0295297/characters/nm0428121
moaning_myrtle,shirley_henderson,Moaning Myrtle,Shirley Henderson,https://www.imdb.com/title/tt0295297/characters/nm0376602
justin_finchfletchley,edward_randell,Justin Finch-Fletchley,Edward Randell,https://www.imdb.com/title/tt0295297/characters/nm1107073
madam_irma_pince,sally_mortemore,Madam Irma Pince,Sally Mortemore,https://www.imdb.com/title/tt0295297/characters/nm1090693
ernie_macmillan,louis_doyle,Ernie MacMillan,Louis Doyle,https://www.imdb.com/title/tt0295297/characters/nm1218560
hannah_hufflepuff,charlotte_skeoch,Hannah Hufflepuff,Charlotte Skeoch,https://www.imdb.com/title/tt0295297/characters/nm1217942
boy_in_study_hall_1,brendan_columbus,Boy in Study Hall 1,Brendan Columbus,https://www.imdb.com/title/tt0295297/characters/nm0173381
boy_in_study_hall_2,robert_ayres,Boy in Study Hall 2,Robert Ayres,https://www.imdb.com/title/tt0295297/characters/nm1290136
professor_dippet,alfred_burke,Professor Dippet,Alfred Burke,https://www.imdb.com/title/tt0295297/characters/nm0121588
the_sorting_hat,leslie_phillips,The Sorting Hat,Leslie Phillips,https://www.imdb.com/title/tt0295297/characters/nm0680587
millicent_bulstrode,helen_stuart,Millicent Bulstrode,Helen Stuart,https://www.imdb.com/title/tt0295297/characters/nm1206119
tom_riddle,christian_coulson,Tom Riddle,Christian Coulson,https://www.imdb.com/title/tt0295297/characters/nm0183469
cornelius_fudge,robert_hardy,Cornelius Fudge,Robert Hardy,https://www.imdb.com/title/tt0295297/characters/nm0362735
aragog,julian_glover,Aragog,Julian Glover,https://www.imdb.com/title/tt0295297/characters/nm0002103
harry_potter,daniel_radcliffe,Harry Potter,Daniel Radcliffe,https://www.imdb.com/title/tt0304141/characters/nm0705356
uncle_vernon,richard_griffiths,Uncle Vernon,Richard Griffiths,https://www.imdb.com/title/tt0304141/characters/nm0341743
aunt_marge,pam_ferris,Aunt Marge,Pam Ferris,https://www.imdb.com/title/tt0304141/characters/nm0274913
aunt_petunia,fiona_shaw,Aunt Petunia,Fiona Shaw,https://www.imdb.com/title/tt0304141/characters/nm0789716
stan_shunpike,lee_ingleby,Stan Shunpike,Lee Ingleby,https://www.imdb.com/title/tt0304141/characters/nm0408846
shrunken_head,lenny_henry,Shrunken Head,Lenny Henry,https://www.imdb.com/title/tt0304141/characters/nm0377901
ernie_the_bus_driver,jimmy_gardner,Ernie the Bus Driver,Jimmy Gardner,https://www.imdb.com/title/tt0304141/characters/nm0306977
sirius_black,gary_oldman,Sirius Black,Gary Oldman,https://www.imdb.com/title/tt0304141/characters/nm0000198
cornelius_fudge,robert_hardy,Cornelius Fudge,Robert Hardy,https://www.imdb.com/title/tt0304141/characters/nm0362735
young_witch_maid,abby_ford,Young Witch Maid,Abby Ford,https://www.imdb.com/title/tt0304141/characters/nm0285492
ron_weasley,rupert_grint,Ron Weasley,Rupert Grint,https://www.imdb.com/title/tt0304141/characters/nm0342488
hermione_granger,emma_watson,Hermione Granger,Emma Watson,https://www.imdb.com/title/tt0304141/characters/nm0914612
george_weasley,oliver_phelps,George Weasley,Oliver Phelps,https://www.imdb.com/title/tt0304141/characters/nm0962360
fred_weasley,james_phelps,Fred Weasley,James Phelps,https://www.imdb.com/title/tt0304141/characters/nm0962359
percy_weasley,chris_rankin,Percy Weasley,Chris Rankin,https://www.imdb.com/title/tt0304141/characters/nm0710242
mrs_molly_weasley,julie_walters,Mrs. Molly Weasley,Julie Walters,https://www.imdb.com/title/tt0304141/characters/nm0910278
ginny_weasley,bonnie_wright,Ginny Weasley,Bonnie Wright,https://www.imdb.com/title/tt0304141/characters/nm0942247
mr_arthur_weasley,mark_williams,Mr. Arthur Weasley,Mark Williams,https://www.imdb.com/title/tt0304141/characters/nm0931247
professor_lupin,david_thewlis,Professor Lupin,David Thewlis,https://www.imdb.com/title/tt0304141/characters/nm0000667
seamus_finnegan,devon_murray,Seamus Finnegan,Devon Murray,https://www.imdb.com/title/tt0304141/characters/nm0614912
argus_filch,david_bradley,Argus Filch,David Bradley,https://www.imdb.com/title/tt0304141/characters/nm0103195
albus_dumbledore,michael_gambon,Albus Dumbledore,Michael Gambon,https://www.imdb.com/title/tt0304141/characters/nm0002091
professor_severus_snape,alan_rickman,Professor Severus Snape,Alan Rickman,https://www.imdb.com/title/tt0304141/characters/nm0000614
professor_minerva_mcgonagall,maggie_smith,Professor Minerva McGonagall,Maggie Smith,https://www.imdb.com/title/tt0304141/characters/nm0001749
rubeus_hagrid,robbie_coltrane,Rubeus Hagrid,Robbie Coltrane,https://www.imdb.com/title/tt0304141/characters/nm0001059
neville_longbottom,matthew_lewis,Neville Longbottom,Matthew Lewis,https://www.imdb.com/title/tt0304141/characters/nm0507535
parvati_patel,sitara_shah,Parvati Patel,Sitara Shah,https://www.imdb.com/title/tt0304141/characters/nm1600784
lavender_brown,jennifer_smith,Lavender Brown,Jennifer Smith,https://www.imdb.com/title/tt0304141/characters/nm1600284
draco_malfoy,tom_felton,Draco Malfoy,Tom Felton,https://www.imdb.com/title/tt0304141/characters/nm0271657
slytherin_boy,bronson_webb,Slytherin Boy,Bronson Webb,https://www.imdb.com/title/tt0304141/characters/nm0916037
gregory_goyle,josh_herdman,Gregory Goyle,Josh Herdman,https://www.imdb.com/title/tt0304141/characters/nm0378830
pansy_parkinson,genevieve_gaunt,Pansy Parkinson,Genevieve Gaunt,https://www.imdb.com/title/tt0304141/characters/nm1601354
girl_1,kandice_morris,Girl 1,Kandice Morris,https://www.imdb.com/title/tt0304141/characters/nm1601396
dean_thomas,alfred_enoch,Dean Thomas,Alfred Enoch,https://www.imdb.com/title/tt0304141/characters/nm0257917
fat_lady_in_painting,dawn_french,Fat Lady in Painting,Dawn French,https://www.imdb.com/title/tt0304141/characters/nm0294067
professor_sybil_trelawney,emma_thompson,Professor Sybil Trelawney,Emma Thompson,https://www.imdb.com/title/tt0304141/characters/nm0000668
vincent_crabbe,jamie_waylett,Vincent Crabbe,Jamie Waylett,https://www.imdb.com/title/tt0304141/characters/nm0915488
madame_rosmerta,julie_christie,Madame Rosmerta,Julie Christie,https://www.imdb.com/title/tt0304141/characters/nm0001046
peter_pettigrew,timothy_spall,Peter Pettigrew,Timothy Spall,https://www.imdb.com/title/tt0304141/characters/nm0001758
man_in_the_leaky_cauldron_reading_book,ian_brown,Man in the Leaky Cauldron Reading Book,Ian Brown,https://www.imdb.com/title/tt0304141/characters/nm1497594
frank_bryce,eric_sykes,Frank Bryce,Eric Sykes,https://www.imdb.com/title/tt0330373/characters/nm0843059
wormtail,timothy_spall,Wormtail,Timothy Spall,https://www.imdb.com/title/tt0330373/characters/nm0001758
barty_crouch_junior,david_tennant,Barty Crouch Junior,David Tennant,https://www.imdb.com/title/tt0330373/characters/nm0855039
harry_potter,daniel_radcliffe,Harry Potter,Daniel Radcliffe,https://www.imdb.com/title/tt0330373/characters/nm0705356
hermione_granger,emma_watson,Hermione Granger,Emma Watson,https://www.imdb.com/title/tt0330373/characters/nm0914612
ron_weasley,rupert_grint,Ron Weasley,Rupert Grint,https://www.imdb.com/title/tt0330373/characters/nm0342488
arthur_weasley,mark_williams,Arthur Weasley,Mark Williams,https://www.imdb.com/title/tt0330373/characters/nm0931247
fred_weasley,james_phelps,Fred Weasley,James Phelps,https://www.imdb.com/title/tt0330373/characters/nm0962359
george_weasley,oliver_phelps,George Weasley,Oliver Phelps,https://www.imdb.com/title/tt0330373/characters/nm0962360
ginny_weasley,bonnie_wright,Ginny Weasley,Bonnie Wright,https://www.imdb.com/title/tt0330373/characters/nm0942247
amos_diggory,jeff_rawle,Amos Diggory,Jeff Rawle,https://www.imdb.com/title/tt0330373/characters/nm0712575
cedric_diggory,robert_pattinson,Cedric Diggory,Robert Pattinson,https://www.imdb.com/title/tt0330373/characters/nm1500155
lucius_malfoy,jason_isaacs,Lucius Malfoy,Jason Isaacs,https://www.imdb.com/title/tt0330373/characters/nm0005042
draco_malfoy,tom_felton,Draco Malfoy,Tom Felton,https://www.imdb.com/title/tt0330373/characters/nm0271657
viktor_krum,stanislav_yanevski,Viktor Krum,Stanislav Yanevski,https://www.imdb.com/title/tt0330373/characters/nm1648506
cornelius_fudge,robert_hardy,Cornelius Fudge,Robert Hardy,https://www.imdb.com/title/tt0330373/characters/nm0362735
barty_crouch,roger_lloyd_pack,Barty Crouch,Roger Lloyd Pack,https://www.imdb.com/title/tt0330373/characters/nm0516181
cho_chang,katie_leung,Cho Chang,Katie Leung,https://www.imdb.com/title/tt0330373/characters/nm1648520
neville_longbottom,matthew_lewis,Neville Longbottom,Matthew Lewis,https://www.imdb.com/title/tt0330373/characters/nm0507535
rubeus_hagrid,robbie_coltrane,Rubeus Hagrid,Robbie Coltrane,https://www.imdb.com/title/tt0330373/characters/nm0001059
nigel,william_melling,Nigel,William Melling,https://www.imdb.com/title/tt0330373/characters/nm1701576
albus_dumbledore,michael_gambon,Albus Dumbledore,Michael Gambon,https://www.imdb.com/title/tt0330373/characters/nm0002091
argus_filch,david_bradley,Argus Filch,David Bradley,https://www.imdb.com/title/tt0330373/characters/nm0103195
seamus_finnigan,devon_murray,Seamus Finnigan,Devon Murray,https://www.imdb.com/title/tt0330373/characters/nm0614912
padma_patil,afshan_azad,Padma Patil,Afshan Azad,https://www.imdb.com/title/tt0330373/characters/nm1715136
madame_olympe_maxime,frances_de_la_tour,Madame Olympe Maxime,Frances de la Tour,https://www.imdb.com/title/tt0330373/characters/nm0209428
parvati_patil,shefali_chowdhury,Parvati Patil,Shefali Chowdhury,https://www.imdb.com/title/tt0330373/characters/nm1715231
gabrielle_delacour,angelica_mandy,Gabrielle Delacour,Angelica Mandy,https://www.imdb.com/title/tt0330373/characters/nm1701596
fleur_delacour,clemence_poesy,Fleur Delacour,Clémence Poésy,https://www.imdb.com/title/tt0330373/characters/nm0993242
minerva_mcgonagall,maggie_smith,Minerva McGonagall,Maggie Smith,https://www.imdb.com/title/tt0330373/characters/nm0001749
severus_snape,alan_rickman,Severus Snape,Alan Rickman,https://www.imdb.com/title/tt0330373/characters/nm0000614
igor_karkaroff,predrag_bjelac,Igor Karkaroff,Predrag Bjelac,https://www.imdb.com/title/tt0330373/characters/nm0084759
karkaroffs_aide,tolga_safer,Karkaroff's Aide,Tolga Safer,https://www.imdb.com/title/tt0330373/characters/nm1670700
alastor_moody,brendan_gleeson,Alastor 'MadEye' Moody,Brendan Gleeson,https://www.imdb.com/title/tt0330373/characters/nm0322407
dean_thomas,alfred_enoch,Dean Thomas,Alfred Enoch,https://www.imdb.com/title/tt0330373/characters/nm0257917
ernie_macmillan,louis_doyle,Ernie MacMillan,Louis Doyle,https://www.imdb.com/title/tt0330373/characters/nm1218560
gregory_goyle,josh_herdman,Gregory Goyle,Josh Herdman,https://www.imdb.com/title/tt0330373/characters/nm0378830
hannah_abbott,charlotte_skeoch,Hannah Abbott,Charlotte Skeoch,https://www.imdb.com/title/tt0330373/characters/nm1217942
rita_skeeter,miranda_richardson,Rita Skeeter,Miranda Richardson,https://www.imdb.com/title/tt0330373/characters/nm0001669
sirius_black,gary_oldman,Sirius Black,Gary Oldman,https://www.imdb.com/title/tt0330373/characters/nm0000198
angelina_johnson,tiana_benjamin,Angelina Johnson,Tiana Benjamin,https://www.imdb.com/title/tt0330373/characters/nm1637962
roger_davies,henry_lloydhughes,Roger Davies,Henry Lloyd-Hughes,https://www.imdb.com/title/tt0330373/characters/nm1631222
band_lead_singer,jarvis_cocker,Band Lead Singer,Jarvis Cocker,https://www.imdb.com/title/tt0330373/characters/nm1006741
band_lead_guitar,jonny_greenwood,Band Lead Guitar,Jonny Greenwood,https://www.imdb.com/title/tt0330373/characters/nm0339351
band_drums,phil_selway,Band Drums,Phil Selway,https://www.imdb.com/title/tt0330373/characters/nm0783621
band_bass_guitar,steve_mackey,Band Bass Guitar,Steve Mackey,https://www.imdb.com/title/tt0330373/characters/nm1009721
band_rhythm_guitar,jason_buckle,Band Rhythm Guitar,Jason Buckle,https://www.imdb.com/title/tt0330373/characters/nm2058845
moaning_myrtle,shirley_henderson,Moaning Myrtle,Shirley Henderson,https://www.imdb.com/title/tt0330373/characters/nm0376602
lord_voldemort,ralph_fiennes,Lord Voldemort,Ralph Fiennes,https://www.imdb.com/title/tt0330373/characters/nm0000146
james_potter,adrian_rawlins,James Potter,Adrian Rawlins,https://www.imdb.com/title/tt0330373/characters/nm0712628
lily_potter,geraldine_somerville,Lily Potter,Geraldine Somerville,https://www.imdb.com/title/tt0330373/characters/nm0813893
harry_potter,daniel_radcliffe,Harry Potter,Daniel Radcliffe,https://www.imdb.com/title/tt0373889/characters/nm0705356
dudley_dursley,harry_melling,Dudley Dursley,Harry Melling,https://www.imdb.com/title/tt0373889/characters/nm0577982
mrs_arabella_figg,kathryn_hunter,Mrs. Arabella Figg,Kathryn Hunter,https://www.imdb.com/title/tt0373889/characters/nm0402898
vernon_dursley,richard_griffiths,Vernon Dursley,Richard Griffiths,https://www.imdb.com/title/tt0373889/characters/nm0341743
james_potter,adrian_rawlins,James Potter,Adrian Rawlins,https://www.imdb.com/title/tt0373889/characters/nm0712628
lily_potter,geraldine_somerville,Lily Potter,Geraldine Somerville,https://www.imdb.com/title/tt0373889/characters/nm0813893
cedric_diggory,robert_pattinson,Cedric Diggory,Robert Pattinson,https://www.imdb.com/title/tt0373889/characters/nm1500155
lord_voldemort,ralph_fiennes,Lord Voldemort,Ralph Fiennes,https://www.imdb.com/title/tt0373889/characters/nm0000146
nymphadora_tonks,natalia_tena,Nymphadora Tonks,Natalia Tena,https://www.imdb.com/title/tt0373889/characters/nm1164730
alastor_moody,brendan_gleeson,Alastor 'Mad-Eye' Moody,Brendan Gleeson,https://www.imdb.com/title/tt0373889/characters/nm0322407
kingsley_shacklebolt,george_harris,Kingsley Shacklebolt,George Harris,https://www.imdb.com/title/tt0373889/characters/nm0364711
elphias_doge,peter_cartwright,Elphias Doge,Peter Cartwright,https://www.imdb.com/title/tt0373889/characters/nm0142197
emmeline_vance,brigitte_millar,Emmeline Vance,Brigitte Millar,https://www.imdb.com/title/tt0373889/characters/nm2692312
sirius_black,gary_oldman,Sirius Black,Gary Oldman,https://www.imdb.com/title/tt0373889/characters/nm0000198
arthur_weasley,mark_williams,Arthur Weasley,Mark Williams,https://www.imdb.com/title/tt0373889/characters/nm0931247
remus_lupin,david_thewlis,Remus Lupin,David Thewlis,https://www.imdb.com/title/tt0373889/characters/nm0000667
minerva_mcgonagall,maggie_smith,Minerva McGonagall,Maggie Smith,https://www.imdb.com/title/tt0373889/characters/nm0001749
mrs_weasley,julie_walters,Mrs. Weasley,Julie Walters,https://www.imdb.com/title/tt0373889/characters/nm0910278
kreacher,timothy_bateson,Kreacher,Timothy Bateson,https://www.imdb.com/title/tt0373889/characters/nm0061063
hermione_granger,emma_watson,Hermione Granger,Emma Watson,https://www.imdb.com/title/tt0373889/characters/nm0914612
ron_weasley,rupert_grint,Ron Weasley,Rupert Grint,https://www.imdb.com/title/tt0373889/characters/nm0342488
fred_weasley,james_phelps,Fred Weasley,James Phelps,https://www.imdb.com/title/tt0373889/characters/nm0962359
george_weasley,oliver_phelps,George Weasley,Oliver Phelps,https://www.imdb.com/title/tt0373889/characters/nm0962360
ginny_weasley,bonnie_wright,Ginny Weasley,Bonnie Wright,https://www.imdb.com/title/tt0373889/characters/nm0942247
cornelius_fudge,robert_hardy,Cornelius Fudge,Robert Hardy,https://www.imdb.com/title/tt0373889/characters/nm0362735
lucius_malfoy,jason_isaacs,Lucius Malfoy,Jason Isaacs,https://www.imdb.com/title/tt0373889/characters/nm0005042
percy_weasley,chris_rankin,Percy Weasley,Chris Rankin,https://www.imdb.com/title/tt0373889/characters/nm0710242
albus_dumbledore,michael_gambon,Albus Dumbledore,Michael Gambon,https://www.imdb.com/title/tt0373889/characters/nm0002091
dolores_umbridge,imelda_staunton,Dolores Umbridge,Imelda Staunton,https://www.imdb.com/title/tt0373889/characters/nm0001767
amelia_bones,sian_thomas,Amelia Bones,Sian Thomas,https://www.imdb.com/title/tt0373889/characters/nm0859525
draco_malfoy,tom_felton,Draco Malfoy,Tom Felton,https://www.imdb.com/title/tt0373889/characters/nm0271657
vincent_crabbe,jamie_waylett,Vincent Crabbe,Jamie Waylett,https://www.imdb.com/title/tt0373889/characters/nm0915488
gregory_goyle,josh_herdman,Gregory Goyle,Josh Herdman,https://www.imdb.com/title/tt0373889/characters/nm0378830
cho_chang,katie_leung,Cho Chang,Katie Leung,https://www.imdb.com/title/tt0373889/characters/nm1648520
neville_longbottom,matthew_lewis,Neville Longbottom,Matthew Lewis,https://www.imdb.com/title/tt0373889/characters/nm0507535
luna_lovegood,evanna_lynch,Luna Lovegood,Evanna Lynch,https://www.imdb.com/title/tt0373889/characters/nm2121541
slightly_creepy_boy,ryan_nelson,Slightly Creepy Boy,Ryan Nelson,https://www.imdb.com/title/tt0373889/characters/nm1290283
argus_filch,david_bradley,Argus Filch,David Bradley,https://www.imdb.com/title/tt0373889/characters/nm0103195
seamus_finnigan,devon_murray,Seamus Finnigan,Devon Murray,https://www.imdb.com/title/tt0373889/characters/nm0614912
nigel_2nd_year,william_melling,Nigel 2nd Year,William Melling,https://www.imdb.com/title/tt0373889/characters/nm1701576
severus_snape,alan_rickman,Severus Snape,Alan Rickman,https://www.imdb.com/title/tt0373889/characters/nm0000614
sybil_trelawney,emma_thompson,Sybil Trelawney,Emma Thompson,https://www.imdb.com/title/tt0373889/characters/nm0000668
dean_thomas,alfred_enoch,Dean Thomas,Alfred Enoch,https://www.imdb.com/title/tt0373889/characters/nm0257917
padma_patil,afshan_azad,Padma Patil,Afshan Azad,https://www.imdb.com/title/tt0373889/characters/nm1715136
parvati_patil,shefali_chowdhury,Parvati Patil,Shefali Chowdhury,https://www.imdb.com/title/tt0373889/characters/nm1715231
somewhat_doubtful_boy_,nick_shirm,Somewhat Doubtful Boy (Zacharias Smith),Nick Shirm,https://www.imdb.com/title/tt0373889/characters/nm2749546
bellatrix_lestrange,helena_bonham_carter,Bellatrix Lestrange,Helena Bonham Carter,https://www.imdb.com/title/tt0373889/characters/nm0000307
rubeus_hagrid,robbie_coltrane,Rubeus Hagrid,Robbie Coltrane,https://www.imdb.com/title/tt0373889/characters/nm0001059
grawp,tony_maudsley,Grawp,Tony Maudsley,https://www.imdb.com/title/tt0373889/characters/nm0560806
young_james_potter,robbie_jarvis,Young James Potter,Robbie Jarvis,https://www.imdb.com/title/tt0373889/characters/nm2125563
edgar_bones,cliff_lanning,Edgar Bones,Cliff Lanning,https://www.imdb.com/title/tt0373889/characters/nm0002738
frank_longbottom,james_payton,Frank Longbottom,James Payton,https://www.imdb.com/title/tt0373889/characters/nm1246512
pansy_parkinson,lauren_shotton,Pansy Parkinson,Lauren Shotton,https://www.imdb.com/title/tt0373889/characters/nm2402169
peter_pettigrew,timothy_spall,Peter Pettigrew,Timothy Spall,https://www.imdb.com/title/tt0373889/characters/nm0001758
harry_potter,daniel_radcliffe,Harry Potter,Daniel Radcliffe,https://www.imdb.com/title/tt0417741/characters/nm0705356
professor_albus_dumbledore,michael_gambon,Professor Albus Dumbledore,Michael Gambon,https://www.imdb.com/title/tt0417741/characters/nm0002091
fenrir_greyback,dave_legeno,Fenrir Greyback,Dave Legeno,https://www.imdb.com/title/tt0417741/characters/nm0499270
waitress,elarica_johnson,Waitress,Elarica Johnson,https://www.imdb.com/title/tt0417741/characters/nm2917590
professor_horace_slughorn,jim_broadbent,Professor Horace Slughorn,Jim Broadbent,https://www.imdb.com/title/tt0417741/characters/nm0000980
ginny_weasley,bonnie_wright,Ginny Weasley,Bonnie Wright,https://www.imdb.com/title/tt0417741/characters/nm0942247
molly_weasley,julie_walters,Molly Weasley,Julie Walters,https://www.imdb.com/title/tt0417741/characters/nm0910278
ron_weasley,rupert_grint,Ron Weasley,Rupert Grint,https://www.imdb.com/title/tt0417741/characters/nm0342488
hermione_granger,emma_watson,Hermione Granger,Emma Watson,https://www.imdb.com/title/tt0417741/characters/nm0914612
bellatrix_lestrange,helena_bonham_carter,Bellatrix Lestrange,Helena Bonham Carter,https://www.imdb.com/title/tt0417741/characters/nm0000307
narcissa_malfoy,helen_mccrory,Narcissa Malfoy,Helen McCrory,https://www.imdb.com/title/tt0417741/characters/nm0567031
professor_severus_snape,alan_rickman,Professor Severus Snape,Alan Rickman,https://www.imdb.com/title/tt0417741/characters/nm0000614
george_weasley,oliver_phelps,George Weasley,Oliver Phelps,https://www.imdb.com/title/tt0417741/characters/nm0962360
fred_weasley,james_phelps,Fred Weasley,James Phelps,https://www.imdb.com/title/tt0417741/characters/nm0962359
cormac_mclaggen,freddie_stroma,Cormac McLaggen,Freddie Stroma,https://www.imdb.com/title/tt0417741/characters/nm2238815
lavender_brown,jessie_cave,Lavender Brown,Jessie Cave,https://www.imdb.com/title/tt0417741/characters/nm2728165
draco_malfoy,tom_felton,Draco Malfoy,Tom Felton,https://www.imdb.com/title/tt0417741/characters/nm0271657
dean_thomas,alfred_enoch,Dean Thomas,Alfred Enoch,https://www.imdb.com/title/tt0417741/characters/nm0257917
luna_lovegood,evanna_lynch,Luna Lovegood,Evanna Lynch,https://www.imdb.com/title/tt0417741/characters/nm2121541
marcus_belby,robert_knox,Marcus Belby,Robert Knox,https://www.imdb.com/title/tt0417741/characters/nm2527061
twin_girl_1,amber_evans,Twin Girl 1,Amber Evans,https://www.imdb.com/title/tt0417741/characters/nm2810906
twin_girl_2,ruby_evans,Twin Girl 2,Ruby Evans,https://www.imdb.com/title/tt0417741/characters/nm2815169
blaise_zabini,louis_cordice,Blaise Zabini,Louis Cordice,https://www.imdb.com/title/tt0417741/characters/nm2857909
pansy_parkinson,scarlett_byrne,Pansy Parkinson,Scarlett Byrne,https://www.imdb.com/title/tt0417741/characters/nm2906885
vincent_crabbe,jamie_waylett,Vincent Crabbe,Jamie Waylett,https://www.imdb.com/title/tt0417741/characters/nm0915488
gregory_goyle,josh_herdman,Gregory Goyle,Josh Herdman,https://www.imdb.com/title/tt0417741/characters/nm0378830
rubeus_hagrid,robbie_coltrane,Rubeus Hagrid,Robbie Coltrane,https://www.imdb.com/title/tt0417741/characters/nm0001059
professor_filius_flitwick,warwick_davis,Professor Filius Flitwick,Warwick Davis,https://www.imdb.com/title/tt0417741/characters/nm0001116
argus_filch,david_bradley,Argus Filch,David Bradley,https://www.imdb.com/title/tt0417741/characters/nm0103195
neville_longbottom,matthew_lewis,Neville Longbottom,Matthew Lewis,https://www.imdb.com/title/tt0417741/characters/nm0507535
nigel,william_melling,Nigel,William Melling,https://www.imdb.com/title/tt0417741/characters/nm1701576
romilda_vane,anna_shaffer,Romilda Vane,Anna Shaffer,https://www.imdb.com/title/tt0417741/characters/nm2872264
seamus_finnigan,devon_murray,Seamus Finnigan,Devon Murray,https://www.imdb.com/title/tt0417741/characters/nm0614912
katie_bell,georgina_leonidas,Katie Bell,Georgina Leonidas,https://www.imdb.com/title/tt0417741/characters/nm1327430
professor_minerva_mcgonagall,maggie_smith,Professor Minerva McGonagall,Maggie Smith,https://www.imdb.com/title/tt0417741/characters/nm0001749
leanne,isabella_laughland,Leanne,Isabella Laughland,https://www.imdb.com/title/tt0417741/characters/nm2877285
padma_patil,afshan_azad,Padma Patil,Afshan Azad,https://www.imdb.com/title/tt0417741/characters/nm1715136
parvati_patil,shefali_chowdhury,Parvati Patil,Shefali Chowdhury,https://www.imdb.com/title/tt0417741/characters/nm1715231
mrs_cole,amelda_brown,Mrs. Cole,Amelda Brown,https://www.imdb.com/title/tt0417741/characters/nm0113007
tom_riddle_,hero_fiennes_tiffin,Tom Riddle (11 Years),Hero Fiennes Tiffin,https://www.imdb.com/title/tt0417741/characters/nm2842005
waiter,mark_lockyer,Waiter,Mark Lockyer,https://www.imdb.com/title/tt0417741/characters/nm0517016
eldred_worple,paul_ritter,Eldred Worple,Paul Ritter,https://www.imdb.com/title/tt0417741/characters/nm0728795
remus_lupin,david_thewlis,Remus Lupin,David Thewlis,https://www.imdb.com/title/tt0417741/characters/nm0000667
nymphadora_tonks,natalia_tena,Nymphadora Tonks,Natalia Tena,https://www.imdb.com/title/tt0417741/characters/nm1164730
arthur_weasley,mark_williams,Arthur Weasley,Mark Williams,https://www.imdb.com/title/tt0417741/characters/nm0931247
tom_riddle_,frank_dillane,Tom Riddle (16 Years),Frank Dillane,https://www.imdb.com/title/tt0417741/characters/nm0226817
wendy_slinkhard,nina_aimer_fox,Wendy Slinkhard,Nina Aimer Fox,https://www.imdb.com/title/tt0417741/characters/nm1695287
slugclub_member,elliott_francis,SlugClub Member,Elliott Francis,https://www.imdb.com/title/tt0417741/characters/nm2989469
slug_club_party_member,olivia_jewson,Slug Club Party Member,Olivia Jewson,https://www.imdb.com/title/tt0417741/characters/nm3386634
minister_rufus_scrimgeour,bill_nighy,Minister Rufus Scrimgeour,Bill Nighy,https://www.imdb.com/title/tt0926084/characters/nm0631490
hermione_granger,emma_watson,Hermione Granger,Emma Watson,https://www.imdb.com/title/tt0926084/characters/nm0914612
vernon_dursley,richard_griffiths,Vernon Dursley,Richard Griffiths,https://www.imdb.com/title/tt0926084/characters/nm0341743
dudley_dursley,harry_melling,Dudley Dursley,Harry Melling,https://www.imdb.com/title/tt0926084/characters/nm0577982
harry_potter,daniel_radcliffe,Harry Potter,Daniel Radcliffe,https://www.imdb.com/title/tt0926084/characters/nm0705356
molly_weasley,julie_walters,Molly Weasley,Julie Walters,https://www.imdb.com/title/tt0926084/characters/nm0910278
ginny_weasley,bonnie_wright,Ginny Weasley,Bonnie Wright,https://www.imdb.com/title/tt0926084/characters/nm0942247
ron_weasley,rupert_grint,Ron Weasley,Rupert Grint,https://www.imdb.com/title/tt0926084/characters/nm0342488
petunia_dursley,fiona_shaw,Petunia Dursley,Fiona Shaw,https://www.imdb.com/title/tt0926084/characters/nm0789716
professor_severus_snape,alan_rickman,Professor Severus Snape,Alan Rickman,https://www.imdb.com/title/tt0926084/characters/nm0000614
charity_burbage,carolyn_pickles,Charity Burbage,Carolyn Pickles,https://www.imdb.com/title/tt0926084/characters/nm0681949
lord_voldemort,ralph_fiennes,Lord Voldemort,Ralph Fiennes,https://www.imdb.com/title/tt0926084/characters/nm0000146
bellatrix_lestrange,helena_bonham_carter,Bellatrix Lestrange,Helena Bonham Carter,https://www.imdb.com/title/tt0926084/characters/nm0000307
narcissa_malfoy,helen_mccrory,Narcissa Malfoy,Helen McCrory,https://www.imdb.com/title/tt0926084/characters/nm0567031
lucius_malfoy,jason_isaacs,Lucius Malfoy,Jason Isaacs,https://www.imdb.com/title/tt0926084/characters/nm0005042
draco_malfoy,tom_felton,Draco Malfoy,Tom Felton,https://www.imdb.com/title/tt0926084/characters/nm0271657
wormtail,timothy_spall,Wormtail,Timothy Spall,https://www.imdb.com/title/tt0926084/characters/nm0001758
death_eater_yaxley,peter_mullan,Death Eater Yaxley,Peter Mullan,https://www.imdb.com/title/tt0926084/characters/nm0611932
pius_thicknesse,guy_henry,Pius Thicknesse,Guy Henry,https://www.imdb.com/title/tt0926084/characters/nm0377844
antonin_dolohov,arben_bajraktaraj,Antonin Dolohov,Arben Bajraktaraj,https://www.imdb.com/title/tt0926084/characters/nm0048076
professor_albus_dumbledore,michael_gambon,Professor Albus Dumbledore,Michael Gambon,https://www.imdb.com/title/tt0926084/characters/nm0002091
elphias_doge,david_ryall,Elphias Doge,David Ryall,https://www.imdb.com/title/tt0926084/characters/nm0752379
rubeus_hagrid,robbie_coltrane,Rubeus Hagrid,Robbie Coltrane,https://www.imdb.com/title/tt0926084/characters/nm0001059
alastor_moody,brendan_gleeson,Alastor 'Mad-Eye' Moody,Brendan Gleeson,https://www.imdb.com/title/tt0926084/characters/nm0322407
fred_weasley,james_phelps,Fred Weasley,James Phelps,https://www.imdb.com/title/tt0926084/characters/nm0962359
george_weasley,oliver_phelps,George Weasley,Oliver Phelps,https://www.imdb.com/title/tt0926084/characters/nm0962360
arthur_weasley,mark_williams,Arthur Weasley,Mark Williams,https://www.imdb.com/title/tt0926084/characters/nm0931247
kingsley_shacklebolt,george_harris,Kingsley Shacklebolt,George Harris,https://www.imdb.com/title/tt0926084/characters/nm0364711
mundungus_fletcher,andy_linden,Mundungus Fletcher,Andy Linden,https://www.imdb.com/title/tt0926084/characters/nm0511580
bill_weasley,domhnall_gleeson,Bill Weasley,Domhnall Gleeson,https://www.imdb.com/title/tt0926084/characters/nm1727304
fleur_delacour,clemence_poesy,Fleur Delacour,Clémence Poésy,https://www.imdb.com/title/tt0926084/characters/nm0993242
nymphadora_tonks,natalia_tena,Nymphadora Tonks,Natalia Tena,https://www.imdb.com/title/tt0926084/characters/nm1164730
remus_lupin,david_thewlis,Remus Lupin,David Thewlis,https://www.imdb.com/title/tt0926084/characters/nm0000667
ollivander,john_hurt,Ollivander,John Hurt,https://www.imdb.com/title/tt0926084/characters/nm0000457
luna_lovegood,evanna_lynch,Luna Lovegood,Evanna Lynch,https://www.imdb.com/title/tt0926084/characters/nm2121541
xenophilius_lovegood,rhys_ifans,Xenophilius Lovegood,Rhys Ifans,https://www.imdb.com/title/tt0926084/characters/nm0406975
auntie_muriel_weasley,matyelok_gibbs,Auntie Muriel Weasley,Matyelok Gibbs,https://www.imdb.com/title/tt0926084/characters/nm0316702
waitress,eva_alexander,Waitress,Eva Alexander,https://www.imdb.com/title/tt0926084/characters/nm1604904
neville_longbottom,matthew_lewis,Neville Longbottom,Matthew Lewis,https://www.imdb.com/title/tt0926084/characters/nm0507535
cormac_mclaggen,freddie_stroma,Cormac McLaggen,Freddie Stroma,https://www.imdb.com/title/tt0926084/characters/nm2238815
dolores_umbridge,imelda_staunton,Dolores Umbridge,Imelda Staunton,https://www.imdb.com/title/tt0926084/characters/nm0001767
albert_runcorn,david_ohara,Albert Runcorn,David O'Hara,https://www.imdb.com/title/tt0926084/characters/nm0641244
reg_cattermole,steffan_rhodri,Reg Cattermole,Steffan Rhodri,https://www.imdb.com/title/tt0926084/characters/nm0722560
scabior,nick_moran,Scabior,Nick Moran,https://www.imdb.com/title/tt0926084/characters/nm0602941
dobby,toby_jones,Dobby,Toby Jones,https://www.imdb.com/title/tt0926084/characters/nm0429363
mafalda_hopkirk,sophie_thompson,Mafalda Hopkirk,Sophie Thompson,https://www.imdb.com/title/tt0926084/characters/nm0860724
mary_cattermole,kate_fleetwood,Mary Cattermole,Kate Fleetwood,https://www.imdb.com/title/tt0926084/characters/nm0281448
gregorovitch,rade_serbedzija,Gregorovitch,Rade Serbedzija,https://www.imdb.com/title/tt0926084/characters/nm0784884
young_gellert_grindelwald,jamie_campbell_bower,Young Gellert Grindelwald,Jamie Campbell Bower,https://www.imdb.com/title/tt0926084/characters/nm2570429
gellert_grindelwald_old,michael_byrne,Gellert Grindelwald - old,Michael Byrne,https://www.imdb.com/title/tt0926084/characters/nm0126250
griphook,warwick_davis,Griphook,Warwick Davis,https://www.imdb.com/title/tt0926084/characters/nm0001116
young_albus_dumbledore,toby_regbo,Young Albus Dumbledore,Toby Regbo,https://www.imdb.com/title/tt0926084/characters/nm2269396
dirk_cresswell,ricky_wilson,Dirk Cresswell,Ricky Wilson,https://www.imdb.com/title/tt0926084/characters/nm1838911
lord_voldemort,ralph_fiennes,Lord Voldemort,Ralph Fiennes,https://www.imdb.com/title/tt1201607/characters/nm0000146
professor_albus_dumbledore,michael_gambon,Professor Albus Dumbledore,Michael Gambon,https://www.imdb.com/title/tt1201607/characters/nm0002091
professor_severus_snape,alan_rickman,Professor Severus Snape,Alan Rickman,https://www.imdb.com/title/tt1201607/characters/nm0000614
harry_potter,daniel_radcliffe,Harry Potter,Daniel Radcliffe,https://www.imdb.com/title/tt1201607/characters/nm0705356
ron_weasley,rupert_grint,Ron Weasley,Rupert Grint,https://www.imdb.com/title/tt1201607/characters/nm0342488
hermione_granger,emma_watson,Hermione Granger,Emma Watson,https://www.imdb.com/title/tt1201607/characters/nm0914612
luna_lovegood,evanna_lynch,Luna Lovegood,Evanna Lynch,https://www.imdb.com/title/tt1201607/characters/nm2121541
bill_weasley,domhnall_gleeson,Bill Weasley,Domhnall Gleeson,https://www.imdb.com/title/tt1201607/characters/nm1727304
fleur_delacour,clemence_poesy,Fleur Delacour,Clémence Poésy,https://www.imdb.com/title/tt1201607/characters/nm0993242
griphook,warwick_davis,Griphook,Warwick Davis,https://www.imdb.com/title/tt1201607/characters/nm0001116
ollivander,john_hurt,Ollivander,John Hurt,https://www.imdb.com/title/tt1201607/characters/nm0000457
bellatrix_lestrange,helena_bonham_carter,Bellatrix Lestrange,Helena Bonham Carter,https://www.imdb.com/title/tt1201607/characters/nm0000307
bogrod,jon_key,Bogrod,Jon Key,https://www.imdb.com/title/tt1201607/characters/nm1697773
helena_ravenclaw,kelly_macdonald,Helena Ravenclaw,Kelly Macdonald,https://www.imdb.com/title/tt1201607/characters/nm0531808
lucius_malfoy,jason_isaacs,Lucius Malfoy,Jason Isaacs,https://www.imdb.com/title/tt1201607/characters/nm0005042
narcissa_malfoy,helen_mccrory,Narcissa Malfoy,Helen McCrory,https://www.imdb.com/title/tt1201607/characters/nm0567031
draco_malfoy,tom_felton,Draco Malfoy,Tom Felton,https://www.imdb.com/title/tt1201607/characters/nm0271657
aberforth_dumbledore,ciaran_hinds,Aberforth Dumbledore,Ciarán Hinds,https://www.imdb.com/title/tt1201607/characters/nm0001354
neville_longbottom,matthew_lewis,Neville Longbottom,Matthew Lewis,https://www.imdb.com/title/tt1201607/characters/nm0507535
seamus_finnigan,devon_murray,Seamus Finnigan,Devon Murray,https://www.imdb.com/title/tt1201607/characters/nm0614912
lavender_brown,jessie_cave,Lavender Brown,Jessie Cave,https://www.imdb.com/title/tt1201607/characters/nm2728165
padma_patil,afshan_azad,Padma Patil,Afshan Azad,https://www.imdb.com/title/tt1201607/characters/nm1715136
leanne,isabella_laughland,Leanne,Isabella Laughland,https://www.imdb.com/title/tt1201607/characters/nm2877285
romilda_vane,anna_shaffer,Romilda Vane,Anna Shaffer,https://www.imdb.com/title/tt1201607/characters/nm2872264
katie_bell,georgina_leonidas,Katie Bell,Georgina Leonidas,https://www.imdb.com/title/tt1201607/characters/nm1327430
dean_thomas,alfred_enoch,Dean Thomas,Alfred Enoch,https://www.imdb.com/title/tt1201607/characters/nm0257917
cho_chang,katie_leung,Cho Chang,Katie Leung,https://www.imdb.com/title/tt1201607/characters/nm1648520
ginny_weasley,bonnie_wright,Ginny Weasley,Bonnie Wright,https://www.imdb.com/title/tt1201607/characters/nm0942247
professor_minerva_mcgonagall,maggie_smith,Professor Minerva McGonagall,Maggie Smith,https://www.imdb.com/title/tt1201607/characters/nm0001749
professor_horace_slughorn,jim_broadbent,Professor Horace Slughorn,Jim Broadbent,https://www.imdb.com/title/tt1201607/characters/nm0000980
pansy_parkinson,scarlett_byrne,Pansy Parkinson,Scarlett Byrne,https://www.imdb.com/title/tt1201607/characters/nm2906885
gregory_goyle,josh_herdman,Gregory Goyle,Josh Herdman,https://www.imdb.com/title/tt1201607/characters/nm0378830
blaise_zabini,louis_cordice,Blaise Zabini,Louis Cordice,https://www.imdb.com/title/tt1201607/characters/nm2857909
twin_girl_1,amber_evans,Twin Girl 1,Amber Evans,https://www.imdb.com/title/tt1201607/characters/nm2810906
twin_girl_2,ruby_evans,Twin Girl 2,Ruby Evans,https://www.imdb.com/title/tt1201607/characters/nm2815169
professor_pomona_sprout,miriam_margolyes,Professor Pomona Sprout,Miriam Margolyes,https://www.imdb.com/title/tt1201607/characters/nm0546816
madam_pomfrey,gemma_jones,Madam Pomfrey,Gemma Jones,https://www.imdb.com/title/tt1201607/characters/nm0428121
kingsley_shacklebolt,george_harris,Kingsley Shacklebolt,George Harris,https://www.imdb.com/title/tt1201607/characters/nm0364711
remus_lupin,david_thewlis,Remus Lupin,David Thewlis,https://www.imdb.com/title/tt1201607/characters/nm0000667
molly_weasley,julie_walters,Molly Weasley,Julie Walters,https://www.imdb.com/title/tt1201607/characters/nm0910278
arthur_weasley,mark_williams,Arthur Weasley,Mark Williams,https://www.imdb.com/title/tt1201607/characters/nm0931247
fred_weasley,james_phelps,Fred Weasley,James Phelps,https://www.imdb.com/title/tt1201607/characters/nm0962359
george_weasley,oliver_phelps,George Weasley,Oliver Phelps,https://www.imdb.com/title/tt1201607/characters/nm0962360
percy_weasley,chris_rankin,Percy Weasley,Chris Rankin,https://www.imdb.com/title/tt1201607/characters/nm0710242
argus_filch,david_bradley,Argus Filch,David Bradley,https://www.imdb.com/title/tt1201607/characters/nm0103195
pius_thicknesse,guy_henry,Pius Thicknesse,Guy Henry,https://www.imdb.com/title/tt1201607/characters/nm0377844
nymphadora_tonks,natalia_tena,Nymphadora Tonks,Natalia Tena,https://www.imdb.com/title/tt1201607/characters/nm1164730
professor_sybil_trelawney,emma_thompson,Professor Sybil Trelawney,Emma Thompson,https://www.imdb.com/title/tt1201607/characters/nm0000668
young_lily_potter,ellie_darceyalden,Young Lily Potter,Ellie Darcey-Alden,https://www.imdb.com/title/tt1201607/characters/nm3385554
young_petunia_dursley,ariella_paradise,Young Petunia Dursley,Ariella Paradise,https://www.imdb.com/title/tt1201607/characters/nm4522146
young_severus_snape,benedict_clarke,Young Severus Snape,Benedict Clarke,https://www.imdb.com/title/tt1201607/characters/nm4235222
young_james_potter,alfie_mcilwain,Young James Potter,Alfie McIlwain,https://www.imdb.com/title/tt1201607/characters/nm4623074
lily_potter,geraldine_somerville,Lily Potter,Geraldine Somerville,https://www.imdb.com/title/tt1201607/characters/nm0813893
james_potter,adrian_rawlins,James Potter,Adrian Rawlins,https://www.imdb.com/title/tt1201607/characters/nm0712628
rubeus_hagrid,robbie_coltrane,Rubeus Hagrid,Robbie Coltrane,https://www.imdb.com/title/tt1201607/characters/nm0001059
sirius_black,gary_oldman,Sirius Black,Gary Oldman,https://www.imdb.com/title/tt1201607/characters/nm0000198
albus_severus_potter_19_years_later,arthur_bowen,Albus Severus Potter - 19 Years Later,Arthur Bowen,https://www.imdb.com/title/tt1201607/characters/nm4096849
lily_potter_19_years_later,daphne_de_beistegui,Lily Potter - 19 Years Later,Daphne de Beistegui,https://www.imdb.com/title/tt1201607/characters/nm4521498
james_potter_19_years_later,will_dunn,James Potter - 19 Years Later,Will Dunn,https://www.imdb.com/title/tt1201607/characters/nm4096502
astoria_malfoy_19_years_later,jade_gordon,Astoria Malfoy - 19 Years Later,Jade Gordon,https://www.imdb.com/title/tt1201607/characters/nm4528235
scorpius_malfoy_19_years_later,bertie_gilbert,Scorpius Malfoy - 19 Years Later,Bertie Gilbert,https://www.imdb.com/title/tt1201607/characters/nm3633758
rose_weasley_19_years_later,helena_barlow,Rose Weasley - 19 Years Later,Helena Barlow,https://www.imdb.com/title/tt1201607/characters/nm4510373
hugo_weasley_19_years_later,ryan_turner,Hugo Weasley - 19 Years Later,Ryan Turner,https://www.imdb.com/title/tt1201607/characters/nm3370649
dining_wizard_in_painting,david_heyman,Dining Wizard in Painting,David Heyman,https://www.imdb.com/title/tt1201607/characters/nm0382268
teddy_lupin,luke_newberry,Teddy Lupin,Luke Newberry,https://www.imdb.com/title/tt1201607/characters/nm0627639
