rachel_green,jennifer_aniston,Rachel Green,Jennifer Aniston,https://www.imdb.com/title/tt0108778/characters/nm0000098
monica_geller,courteney_cox,Monica Geller,Courteney Cox,https://www.imdb.com/title/tt0108778/characters/nm0001073
phoebe_buffay,lisa_kudrow,Phoebe Buffay,Lisa Kudrow,https://www.imdb.com/title/tt0108778/characters/nm0001435
joey_tribbiani,matt_leblanc,Joey Tribbiani,Matt LeBlanc,https://www.imdb.com/title/tt0108778/characters/nm0001455
chandler_bing,matthew_perry,Chandler Bing,Matthew Perry,https://www.imdb.com/title/tt0108778/characters/nm0001612
dr_ross_geller,david_schwimmer,Dr. Ross Geller,David Schwimmer,https://www.imdb.com/title/tt0108778/characters/nm0001710
gunther,james_michael_tyler,Gunther,James Michael Tyler,https://www.imdb.com/title/tt0108778/characters/nm0878837
jack_geller,elliott_gould,Jack Geller,Elliott Gould,https://www.imdb.com/title/tt0108778/characters/nm0001285
judy_geller,christina_pickles,Judy Geller,Christina Pickles,https://www.imdb.com/title/tt0108778/characters/nm0681943
janice,maggie_wheeler,Janice,Maggie Wheeler,https://www.imdb.com/title/tt0108778/characters/nm0923909
mike_hannigan,paul_rudd,Mike Hannigan,Paul Rudd,https://www.imdb.com/title/tt0108778/characters/nm0748620
carol_willick,jane_sibbett,Carol Willick,Jane Sibbett,https://www.imdb.com/title/tt0108778/characters/nm0796235
emily_waltham,helen_baxendale,Emily Waltham,Helen Baxendale,https://www.imdb.com/title/tt0108778/characters/nm0062636
susan_bunch,jessica_hecht,Susan Bunch,Jessica Hecht,https://www.imdb.com/title/tt0108778/characters/nm0372961
estelle_leonard,june_gable,Estelle Leonard,June Gable,https://www.imdb.com/title/tt0108778/characters/nm0300096
dr_richard_burke,tom_selleck,Dr. Richard Burke,Tom Selleck,https://www.imdb.com/title/tt0108778/characters/nm0000633
charlie_wheeler,aisha_tyler,Charlie Wheeler,Aisha Tyler,https://www.imdb.com/title/tt0108778/characters/nm0878768
frank_buffay_jr,giovanni_ribisi,Frank Buffay Jr.,Giovanni Ribisi,https://www.imdb.com/title/tt0108778/characters/nm0000610
julie,lauren_tom,Julie,Lauren Tom,https://www.imdb.com/title/tt0108778/characters/nm0866300
tag_jones,eddie_cahill,Tag Jones,Eddie Cahill,https://www.imdb.com/title/tt0108778/characters/nm0128655
mona,bonnie_somerville,Mona,Bonnie Somerville,https://www.imdb.com/title/tt0108778/characters/nm0813887
ben_geller,cole_sprouse,Ben Geller,Cole Sprouse,https://www.imdb.com/title/tt0108778/characters/nm0819850
pete_becker,jon_favreau,Pete Becker,Jon Favreau,https://www.imdb.com/title/tt0108778/characters/nm0269463
dr_long,amanda_carlin,Dr. Long,Amanda Carlin,https://www.imdb.com/title/tt0108778/characters/nm0137488
mark_robinson,steven_eckholdt,Mark Robinson,Steven Eckholdt,https://www.imdb.com/title/tt0108778/characters/nm0248692
kathy,paget_brewster,Kathy,Paget Brewster,https://www.imdb.com/title/tt0108778/characters/nm0108295
barry_farber,mitchell_whitfield,Barry Farber,Mitchell Whitfield,https://www.imdb.com/title/tt0108778/characters/nm0925943
alice_knight_buffay,debra_jo_rupp,Alice Knight Buffay,Debra Jo Rupp,https://www.imdb.com/title/tt0108778/characters/nm0750468
mr_zelner,steve_ireland,Mr. Zelner,Steve Ireland,https://www.imdb.com/title/tt0108778/characters/nm0409892
david,hank_azaria,David,Hank Azaria,https://www.imdb.com/title/tt0108778/characters/nm0000279
joshua_burgin,tate_donovan,Joshua Burgin,Tate Donovan,https://www.imdb.com/title/tt0108778/characters/nm0004883
janine_lecroix,elle_macpherson,Janine Lecroix,Elle Macpherson,https://www.imdb.com/title/tt0108778/characters/nm0000512
erica,anna_faris,Erica,Anna Faris,https://www.imdb.com/title/tt0108778/characters/nm0267506
elizabeth_stevens,alexandra_holden,Elizabeth Stevens,Alexandra Holden,https://www.imdb.com/title/tt0108778/characters/nm0005016
mr_heckles,larry_hankin,Mr. Heckles,Larry Hankin,https://www.imdb.com/title/tt0108778/characters/nm0359969
mr_treeger,mike_hagerty,Mr. Treeger,Mike Hagerty,https://www.imdb.com/title/tt0108778/characters/nm0002235
nora_tyler_bing,morgan_fairchild,Nora Tyler Bing,Morgan Fairchild,https://www.imdb.com/title/tt0108778/characters/nm0000392
ben_geller,charles_thomas_allen,Ben Geller,Charles Thomas Allen,https://www.imdb.com/title/tt0108778/characters/nm0020360
ben_geller,john_christopher_allen,Ben Geller,John Christopher Allen,https://www.imdb.com/title/tt0108778/characters/nm0020679
jasmine,cynthia_mann,Jasmine,Cynthia Mann,
gary,michael_rapaport,Gary,Michael Rapaport,https://www.imdb.com/title/tt0108778/characters/nm0001650
dr_leonard_green,ron_leibman,Dr. Leonard Green,Ron Leibman,https://www.imdb.com/title/tt0108778/characters/nm0500038
paolo,cosimo_fusco,Paolo,Cosimo Fusco,https://www.imdb.com/title/tt0108778/characters/nm0299289
sophie,laura_dean,Sophie,Laura Dean,
casting_director_1,kim_harris,Casting Director #1,Kim Harris,
bakersfield_guy,joe_everett_michaels,Bakersfield Guy,Joe Everett Michaels,
fireman,douglas_looper,Fireman,Douglas Looper,
emily,heather_sims,Emily,Heather Sims,https://www.imdb.com/title/tt0108778/characters/nm3094053
sandra_green,marlo_thomas,Sandra Green,Marlo Thomas,https://www.imdb.com/title/tt0108778/characters/nm0005486
joanna,alison_la_placa,Joanna,Alison La Placa,
paul_stevens,bruce_willis,Paul Stevens,Bruce Willis,https://www.imdb.com/title/tt0108778/characters/nm0000246
eddie_menuek,adam_goldberg,Eddie Menuek,Adam Goldberg,https://www.imdb.com/title/tt0108778/characters/nm0004965
bonnie,christine_taylor,Bonnie,Christine Taylor,https://www.imdb.com/title/tt0108778/characters/nm0852132
charles_bing,kathleen_turner,Charles Bing,Kathleen Turner,https://www.imdb.com/title/tt0108778/characters/nm0000678
gavin_mitchell,dermot_mulroney,Gavin Mitchell,Dermot Mulroney,https://www.imdb.com/title/tt0108778/characters/nm0000551
phoebe_abbott_sr,teri_garr,Phoebe Abbott Sr.,Teri Garr,https://www.imdb.com/title/tt0108778/characters/nm0000414
kate_miller,dina_meyer,Kate Miller,Dina Meyer,https://www.imdb.com/title/tt0108778/characters/nm0000539
the_croupier,rick_pasqualone,The Croupier,Rick Pasqualone,
steve,phill_lewis,Steve,Phill Lewis,
doug,sam_mcmurray,Doug,Sam McMurray,https://www.imdb.com/title/tt0108778/characters/nm0573481
danny,george_newbern,Danny,George Newbern,https://www.imdb.com/title/tt0108778/characters/nm0627624
the_director,reg_rogers,The Director,Reg Rogers,https://www.imdb.com/title/tt0108778/characters/nm0737138
erin,lisa_avery,Erin,Lisa Avery,https://www.imdb.com/title/tt0108778/characters/nm1236046
stage_manager,jeff_brooks,Stage Manager,Jeff Brooks,
stage_manager,matthew_mullany,Stage Manager,Matthew Mullany,
female_extra_1,alexandra_margulies,Female Extra #1,Alexandra Margulies,
acting_student_2,steven_harad,Acting Student #2,Steven Harad,
mrs_weinberg,fritzi_burr,Mrs. Weinberg,Fritzi Burr,
airplane_passenger,billy_dec,Airplane Passenger,Billy Dec,
dr_ledbetter,michael_ensign,Dr. Ledbetter,Michael Ensign,
kim_clozzi,joanna_gleason,Kim Clozzi,Joanna Gleason,
randall,thomas_lennon,Randall,Thomas Lennon,
jill_green,reese_witherspoon,Jill Green,Reese Witherspoon,https://www.imdb.com/title/tt0108778/characters/nm0000702
richard_crosby,gary_oldman,Richard Crosby,Gary Oldman,https://www.imdb.com/title/tt0108778/characters/nm0000198
eric,sean_penn,Eric,Sean Penn,https://www.imdb.com/title/tt0108778/characters/nm0000576
amy_green,christina_applegate,Amy Green,Christina Applegate,https://www.imdb.com/title/tt0108778/characters/nm0000775
parker,alec_baldwin,Parker,Alec Baldwin,https://www.imdb.com/title/tt0108778/characters/nm0000285
steve,jon_lovitz,Steve,Jon Lovitz,https://www.imdb.com/title/tt0108778/characters/nm0001484
mr_douglas,dorien_wilson,Mr. Douglas,Dorien Wilson,https://www.imdb.com/title/tt0108778/characters/nm0933332
russell,ron_glass,Russell,Ron Glass,
fun_bobby,vincent_ventresca,Fun Bobby,Vincent Ventresca,https://www.imdb.com/title/tt0108778/characters/nm0893283
terry,max_wright,Terry,Max Wright,
mr_kaplan_jr,shelley_berman,Mr. Kaplan Jr.,Shelley Berman,
stu,fred_stoller,Stu,Fred Stoller,
chloe,angela_featherstone,Chloe,Angela Featherstone,https://www.imdb.com/title/tt0108778/characters/nm0004911
stephen_waltham,tom_conti,Stephen Waltham,Tom Conti,https://www.imdb.com/title/tt0108778/characters/nm0002018
theodore_hannigan,gregory_itzin,Theodore Hannigan,Gregory Itzin,
the_waiter,sam_pancake,The Waiter,Sam Pancake,
kiki,michele_maika,Kiki,Michele Maika,https://www.imdb.com/title/tt0108778/characters/nm0537530
mr_waltham,paxton_whitehead,Mr. Waltham,Paxton Whitehead,https://www.imdb.com/title/tt0108778/characters/nm0925717
cliff,eddie_mcclintock,Cliff,Eddie McClintock,https://www.imdb.com/title/tt0108778/characters/nm0565858
molly,melissa_george,Molly,Melissa George,
the_doctor,john_rubinstein,The Doctor,John Rubinstein,
_man,barry_heins,'Pie in the Hood' Man,Barry Heins,
jake,troy_norton,Jake,Troy Norton,
bitsy_hannigan,cristine_rose,Bitsy Hannigan,Cristine Rose,
ken,brian_chenoweth,Ken,Brian Chenoweth,
claudia,monique_edwards,Claudia,Monique Edwards,
dr_mike_horton,roark_critchlow,Dr. Mike Horton,Roark Critchlow,https://www.imdb.com/title/tt0108778/characters/nm0188220
al_zebooker,ej_callahan,Al Zebooker,E.J. Callahan,
andrea_waltham,jennifer_saunders,Andrea Waltham,Jennifer Saunders,https://www.imdb.com/title/tt0108778/characters/nm0766837
the_nurse,evie_peck,The Nurse,Evie Peck,
isaac,maury_ginsberg,Isaac,Maury Ginsberg,
lauren,jennifer_milmore,Lauren,Jennifer Milmore,
attendant,nina_mann,Attendant,Nina Mann,
bobby,christopher_miranda,Bobby,Christopher Miranda,
phil,steve_park,Phil,Steve Park,https://www.imdb.com/title/tt0108778/characters/nm0661950
dr_roger,pat_finn,Dr. Roger,Pat Finn,
nervous_male_passenger,jim_rash,Nervous Male Passenger,Jim Rash,
the_customer,alexis_arquette,The Customer,Alexis Arquette,
the_director,mark_roberts,The Director,Mark Roberts,
guy_1,shane_nickerson,Guy #1,Shane Nickerson,
roger,ashley_clark,Roger,Ashley Clark,
nurse,carole_gutierrez,Nurse,Carole Gutierrez,
mr_weinberg,jackie_bright,Mr. Weinberg,Jackie Bright,
another_tour_guide,jim_bentley,Another Tour Guide,Jim Bentley,
man_in_cab,jason_kravits,Man in Cab,Jason Kravits,
gate_attendant,anthony_cistaro,Gate Attendant,Anthony Cistaro,
the_assistant_director,peter_james_smith,the Assistant Director,Peter James Smith,
the_registrar,peter_eyre,The Registrar,Peter Eyre,
guy_1,hunter_cochran,Guy #1,Hunter Cochran,
ticket_agent,manao_demuth,Ticket Agent,Manao DeMuth,
airline_representative,brian_palermo,Airline Representative,Brian Palermo,
female_passenger,michelle_pereira,Female Passenger,Michelle Pereira,
another_passenger,vincent_boyle,Another Passenger,Vincent Boyle,
customer,baillie_gerstein,Customer,Baillie Gerstein,
wayne,andrew_bilgore,Wayne,Andrew Bilgore,
sid,maurice_godin,Sid,Maurice Godin,
professor_klarik,robert_alan_beuth,Professor Klarik,Robert Alan Beuth,
nancy_oberblau,alison_shanks,Nancy Oberblau,Alison Shanks,
felicity,olivia_williams,Felicity,Olivia Williams,
ugly_naked_guy,jon_haugen,Ugly Naked Guy,Jon Haugen,
nurse_sizemore,mary_pat_gleason,Nurse Sizemore,Mary Pat Gleason,
jill_goodacre,jill_goodacre,Jill Goodacre,Jill Goodacre,https://www.imdb.com/title/tt0108778/characters/nm0004969
alan,geoffrey_lower,Alan,Geoffrey Lower,https://www.imdb.com/title/tt0108778/characters/nm0523186
aurora,sofia_milos,Aurora,Sofia Milos,
paul,john_allen_nelson,Paul,John Allen Nelson,
the_horrible_woman,camille_saviola,The Horrible Woman,Camille Saviola,
joey_tribbiani_sr,robert_costanzo,Joey Tribbiani Sr.,Robert Costanzo,
aunt_iris,beverly_garland,Aunt Iris,Beverly Garland,
mindy,jennifer_grey,Mindy,Jennifer Grey,
celia,melora_hardin,Celia,Melora Hardin,
stephanie_schiffer,chrissie_hynde,Stephanie Schiffer,Chrissie Hynde,https://www.imdb.com/title/tt0108778/characters/nm0005038
ethan,stan_kirsch,Ethan,Stan Kirsch,https://www.imdb.com/title/tt0108778/characters/nm0456909
frances,audra_lindley,Frances,Audra Lindley,https://www.imdb.com/title/tt0108778/characters/nm0511964
jade,brittney_powell,Jade,Brittney Powell,
fake_monica,claudia_shear,Fake Monica,Claudia Shear,https://www.imdb.com/title/tt0108778/characters/nm0790396
dr_franzblau,jonathan_silverman,Dr. Franzblau,Jonathan Silverman,https://www.imdb.com/title/tt0108778/characters/nm0001738
malcolm,david_arquette,Malcolm,David Arquette,
carl,peter_deluise,Carl,Peter DeLuise,https://www.imdb.com/title/tt0108778/characters/nm0217938
sherman_whitfield,peter_dennis,Sherman Whitfield,Peter Dennis,
rob_donnen,chris_isaak,Rob Donnen,Chris Isaak,https://www.imdb.com/title/tt0108778/characters/nm0001389
margha,susanna_midnight,Margha,Susanna Midnight,https://www.imdb.com/title/tt0108778/characters/nm0901810
susie_moss,julia_roberts,Susie Moss,Julia Roberts,https://www.imdb.com/title/tt0108778/characters/nm0000210
isabella_rossellini,isabella_rossellini,Isabella Rossellini,Isabella Rossellini,https://www.imdb.com/title/tt0108778/characters/nm0000618
sarah_tuttle,mae_whitman,Sarah Tuttle,Mae Whitman,https://www.imdb.com/title/tt0108778/characters/nm0926165
rick,jason_brooks,Rick,Jason Brooks,
ginger,sherilyn_fenn,Ginger,Sherilyn Fenn,
chip_matthews,dan_gauthier,Chip Matthews,Dan Gauthier,
dr_tim_burke,michael_vartan,Dr. Tim Burke,Michael Vartan,https://www.imdb.com/title/tt0108778/characters/nm0890232
sarah_ferguson,sarah_ferguson,Sarah Ferguson,Sarah Ferguson,
the_hotel_clerk,christopher_liam_moore,The Hotel Clerk,Christopher Liam Moore,
larry,gregory_sporleder,Larry,Gregory Sporleder,
frank_buffay_sr,bob_balaban,Frank Buffay Sr.,Bob Balaban,https://www.imdb.com/title/tt0108778/characters/nm0000837
caitlin,kristin_dattilo,Caitlin,Kristin Dattilo,
the_judge,conchata_ferrell,The Judge,Conchata Ferrell,
steve,willie_garson,Steve,Willie Garson,
dr_miller,michael_monks,Dr. Miller,Michael Monks,https://www.imdb.com/title/tt0108778/characters/nm0598282
elizabeth_hornswoggle,sarah_peterson,Elizabeth Hornswoggle,Sarah Peterson,
rick,billy_stevenson,Rick,Billy Stevenson,
erin,kristin_davis,Erin,Kristin Davis,https://www.imdb.com/title/tt0108778/characters/nm0004862
julie_graff,stacy_galina,Julie Graff,Stacy Galina,
carl,louis_mandylor,Carl,Louis Mandylor,
dr_wesley,kevin_spirtas,Dr. Wesley,Kevin Spirtas,
earl,jason_alexander,Earl,Jason Alexander,https://www.imdb.com/title/tt0108778/characters/nm0004517
megan_bailey,andrea_bendewald,Megan Bailey,Andrea Bendewald,
tim,kevin_rahm,Tim,Kevin Rahm,
cassie_geller,denise_richards,Cassie Geller,Denise Richards,https://www.imdb.com/title/tt0108778/characters/nm0000612
melissa_warburton,winona_ryder,Melissa Warburton,Winona Ryder,https://www.imdb.com/title/tt0108778/characters/nm0000213
jessica_lockhart,susan_sarandon,Jessica Lockhart,Susan Sarandon,https://www.imdb.com/title/tt0108778/characters/nm0000215
trudie_styler,trudie_styler,Trudie Styler,Trudie Styler,
jessica_ashley,alison_sweeney,Jessica Ashley,Alison Sweeney,
kristen,lisa_thornhill,Kristen,Lisa Thornhill,https://www.imdb.com/title/tt0108778/characters/nm0861462
the_interviewer,sasha_alexander,the Interviewer,Sasha Alexander,https://www.imdb.com/title/tt0108778/characters/nm0018734
wendy,selma_blair,Wendy,Selma Blair,https://www.imdb.com/title/tt0108778/characters/nm0004757
the_waiter,dan_bucatinsky,the Waiter,Dan Bucatinsky,
sarah,molly_hagan,Sarah,Molly Hagan,
don,harry_van_gorkum,Don,Harry Van Gorkum,
amanda_buffamonteezi,jennifer_coolidge,Amanda Buffamonteezi,Jennifer Coolidge,https://www.imdb.com/title/tt0108778/characters/nm0177639
leonard_hayes,jeff_goldblum,Leonard Hayes,Jeff Goldblum,https://www.imdb.com/title/tt0108778/characters/nm0000156
dr_benjamin_hobart,greg_kinnear,Dr. Benjamin Hobart,Greg Kinnear,https://www.imdb.com/title/tt0108778/characters/nm0001427
olivia,marisol_nichols,Olivia,Marisol Nichols,
roy_the_stripper,danny_devito,Roy, the Stripper,Danny DeVito,https://www.imdb.com/title/tt0108778/characters/nm0000362
carol_willick,anita_barone,Carol Willick,Anita Barone,https://www.imdb.com/title/tt0108778/characters/nm0056342
aunt_lillian,elinor_donahue,Aunt Lillian,Elinor Donahue,https://www.imdb.com/title/tt0108778/characters/nm0231942
angela,kim_gillingham,Angela,Kim Gillingham,https://www.imdb.com/title/tt0108778/characters/nm0319251
lizzy,beth_grant,Lizzy,Beth Grant,https://www.imdb.com/title/tt0108778/characters/nm0335275
joanne,marianne_hagan,Joanne,Marianne Hagan,
franny,clea_lewis,Franny,Clea Lewis,
melanie,corinne_bohrer,Melanie,Corinne Bohrer,https://www.imdb.com/title/tt0108778/characters/nm0001959
office_worker_2,brian_buckner,Office Worker #2,Brian Buckner,
luisa_gianetti,megan_cavanagh,Luisa Gianetti,Megan Cavanagh,
ronni,lee_garlington,Ronni,Lee Garlington,
michael,arye_gross,Michael,Arye Gross,
mr_rastatter,michael_mckean,Mr. Rastatter,Michael McKean,
admissions_woman,alaina_reedhall,Admissions Woman,Alaina Reed-Hall,
the_teacher,karla_tamburrelli,The Teacher,Karla Tamburrelli,
steven_fishman,chris_young,Steven Fishman,Chris Young,
duncan,steve_zahn,Duncan,Steve Zahn,https://www.imdb.com/title/tt0108778/characters/nm0001872
cal,khalil_kain,Cal,Khalil Kain,
arthur,nicky_katt,Arthur,Nicky Katt,https://www.imdb.com/title/tt0108778/characters/nm0441588
the_restaurant_manager,patrick_kerr,The Restaurant Manager,Patrick Kerr,
eric,john_lehr,Eric,John Lehr,
emily,audrie_neenan,Emily,Audrie Neenan,
record_producer,deedee_rescher,Record Producer,DeeDee Rescher,
erika_ford,brooke_shields,Erika Ford,Brooke Shields,https://www.imdb.com/title/tt0108778/characters/nm0000222
jeanclaude_van_damme,jeanclaude_van_damme,Jean-Claude Van Damme,Jean-Claude Van Damme,
the_director,obba_babatunde,The Director,Obba Babatundé,
hoshi,james_hong,Hoshi,James Hong,
amanda,laura_interval,Amanda,Laura Interval,
the_salesman,penn_jillette,The Salesman,Penn Jillette,
mischa,stephen_kearney,Mischa,Stephen Kearney,
guru_saj,kevin_mcdonald,Guru Saj,Kevin McDonald,
allesandro,taylor_negron,Allesandro,Taylor Negron,
cheryl,rebecca_romijn,Cheryl,Rebecca Romijn,https://www.imdb.com/title/tt0108778/characters/nm0005381
dr_harad,sam_anderson,Dr. Harad,Sam Anderson,https://www.imdb.com/title/tt0108778/characters/nm0027402
gary_collins,gary_collins,Gary Collins,Gary Collins,
dave,zen_gesner,Dave,Zen Gesner,
krista,julie_lauren,Krista,Julie Lauren,
teacher,scott_mosenson,Teacher,Scott Mosenson,
the_doctor,michael_winters,The Doctor,Michael Winters,
the_potential_roommate,brooke_boisse,The Potential Roommate,Brooke Boisse,
the_stage_manager,patrick_bristow,The Stage Manager,Patrick Bristow,
grandma_tribbiani,lilyan_chauvin,Grandma Tribbiani,Lilyan Chauvin,https://www.imdb.com/title/tt0108778/characters/nm0154412
katie,soleil_moon_frye,Katie,Soleil Moon Frye,
the_casting_director,daniel_hagen,The Casting Director,Daniel Hagen,
stephanie,alex_kapp,Stephanie,Alex Kapp,
stanley,john_kassir,Stanley,John Kassir,
ralph_lauren,ralph_lauren,Ralph Lauren,Ralph Lauren,
the_elderly_woman,jeanette_miller,The Elderly Woman,Jeanette Miller,
the_smoking_woman,nicole_robinson,The Smoking Woman,NiCole Robinson,
the_window_woman,samantha_smith,The Window Woman,Samantha Smith,
hope_brady,kristian_alfonso,Hope Brady,Kristian Alfonso,
terry,michael_kagan,Terry,Michael Kagan,https://www.imdb.com/title/tt0108778/characters/nm0434580
the_customer,jd_lewis,The Customer,J.D. Lewis,
dana_keystone,bess_meyer,Dana Keystone,Bess Meyer,
the_jeweler,oliver_muirhead,The Jeweler,Oliver Muirhead,
sebastian,scott_paetty,Sebastian,Scott Paetty,
kyle,david_sutcliffe,Kyle,David Sutcliffe,
the_anxious_wedding_guest,phil_abrams,The Anxious Wedding Guest,Phil Abrams,
dina,eva_amurri_martino,Dina,Eva Amurri Martino,
policeman_1,mark_consuelos,Policeman #1,Mark Consuelos,
the_casting_director,mo_gaffney,the Casting Director,Mo Gaffney,
the_fireman,jason_george,the Fireman,Jason George,
alan_lewis,kyle_howard,Alan Lewis,Kyle Howard,
the_wedding_guest,lela_lee,the Wedding Guest,Lela Lee,
brenda,arden_myrin,Brenda,Arden Myrin,
bob,chris_parnell,Bob,Chris Parnell,
kristen_lang,gabrielle_union,Kristen Lang,Gabrielle Union,
mable,krista_allen,Mable,Krista Allen,
ms_mckenna,janet_hubert,Ms. McKenna,Janet Hubert,
nurse_kitty,cleo_king,Nurse Kitty,Cleo King,
evil_bitch,debi_mazar,Evil Bitch,Debi Mazar,
ray,jonathan_nichols,Ray,Jonathan Nichols,https://www.imdb.com/title/tt0108778/characters/nm0629618
doctor,richard_penn,Doctor,Richard Penn,
mary_ellen_jenkins,dedee_pfeiffer,Mary Ellen Jenkins,Dedee Pfeiffer,
kevin,alan_f_smith,Kevin,Alan F. Smith,
katie,rena_sofer,Katie,Rena Sofer,
the_director,joe_colligan,the Director,Joe Colligan,
kori_weston,ivana_milicevic,Kori Weston,Ivana Milicevic,
laura,maria_pitillo,Laura,Maria Pitillo,https://www.imdb.com/title/tt0108778/characters/nm0001623
the_tanning_salon_guy,luis_antonio_ramos,The Tanning Salon Guy,Luis Antonio Ramos,
zack,john_stamos,Zack,John Stamos,https://www.imdb.com/title/tt0108778/characters/nm0001764
the_handyman,timothy_starks,The Handyman,Timothy Starks,
mackenzie,dakota_fanning,Mackenzie,Dakota Fanning,https://www.imdb.com/title/tt0108778/characters/nm0266824
ellen,jane_lynch,Ellen,Jane Lynch,
adoption_agency_worker,jim_oheir,Adoption Agency Worker,Jim O'Heir,
missy_goldberg,ellen_pompeo,Missy Goldberg,Ellen Pompeo,
bob,jack_armstrong,Bob,Jack Armstrong,
shelly,nancy_cassaro,Shelly,Nancy Cassaro,https://www.imdb.com/title/tt0108778/characters/nm0144007
paula,jenifer_lewis,Paula,Jenifer Lewis,https://www.imdb.com/title/tt0108778/characters/nm0507338
carl,tommy_blaze,Carl,Tommy Blaze,
waiter,spencer_cherashore,Waiter,Spencer Cherashore,
danielle,lynn_clark,Danielle,Lynn Clark,
dr_michael_mitchell,george_clooney,Dr. Michael Mitchell,George Clooney,
woman_on_bench,janice_davies,Woman on Bench,Janice Davies,
buddy_doyle,danny_dayton,Buddy Doyle,Danny Dayton,
phone_guy,barry_diamond,Phone Guy,Barry Diamond,
frankie,buck_kartalian,Frankie,Buck Kartalian,
kristen,heather_medway,Kristen,Heather Medway,
doctor_karl,victor_raiderwexler,Doctor Karl,Victor Raider-Wexler,https://www.imdb.com/title/tt0108778/characters/nm0706838
coma_guy,david_sederholm,Coma Guy,David Sederholm,
dr_baldharar,harry_shearer,Dr. Baldharar,Harry Shearer,https://www.imdb.com/title/tt0108778/characters/nm0733427
office_worker_3,darryl_sivad,Office Worker #3,Darryl Sivad,
roger,fisher_stevens,Roger,Fisher Stevens,
the_zoo_keeper,dan_castellaneta,The Zoo Keeper,Dan Castellaneta,
cathy,lisa_roberts_gillan,Cathy,Lisa Roberts Gillan,
ryan,charlie_sheen,Ryan,Charlie Sheen,https://www.imdb.com/title/tt0108778/characters/nm0000221
vince,matt_battaglia,Vince,Matt Battaglia,
leslie,elizabeth_daily,Leslie,Elizabeth Daily,
mr_posner,richard_fancy,Mr. Posner,Richard Fancy,
robert,markus_flanagan,Robert,Markus Flanagan,https://www.imdb.com/title/tt0108778/characters/nm0281074
mrs_potter,rhoda_gemignani,Mrs. Potter,Rhoda Gemignani,
julio,carlos_gomez,Julio,Carlos Gómez,https://www.imdb.com/title/tt0108778/characters/nm0326988
mike,jamie_kaler,Mike,Jamie Kaler,
tony,matt_kaminsky,Tony,Matt Kaminsky,
mary_therese_tribbiani,mimi_lieber,Mary Therese Tribbiani,Mimi Lieber,
sergei,jim_pirri,Sergei,Jim Pirri,
mrs_burkart,gretchen_wyler,Mrs. Burkart,Gretchen Wyler,https://www.imdb.com/title/tt0108778/characters/nm0943738
the_vendor,richard_branson,The Vendor,Richard Branson,
the_singing_man,michal_connor,The Singing Man,Michal Connor,https://www.imdb.com/title/tt0108778/characters/nm2326320
dr_zane,cindy_katz,Dr. Zane,Cindy Katz,https://www.imdb.com/title/tt0108778/characters/nm0441654
marjorie,christina_moore,Marjorie,Christina Moore,https://www.imdb.com/title/tt0108778/characters/nm0601041
cynthia,jennette_robbins,Cynthia,Jennette Robbins,
the_stripper,lisa_rotondi,The Stripper,Lisa Rotondi,https://www.imdb.com/title/tt0108778/characters/nm0745402
the_stage_manager,sandra_thigpen,The Stage Manager,Sandra Thigpen,
liam,mark_mccullough_thomas,Liam,Mark McCullough Thomas,
guest_1,david_dalton,Guest #1,David Dalton,
the_director,christopher_darga,The Director,Christopher Darga,
the_salesman,mark_fite,The Salesman,Mark Fite,
the_airplane_guy,todd_glass,The Airplane Guy,Todd Glass,
woman_2,victoria_kelleher,Woman #2,Victoria Kelleher,
karin,tembi_locke,Karin,Tembi Locke,
the_grip,john_c_mcdonnell,The Grip,John C. McDonnell,
the_tall_guy,lex_medlin,The Tall Guy,Lex Medlin,
the_porsche_owner,kevin_ruf,The Porsche Owner,Kevin Ruf,
nancy,megan_ward,Nancy,Megan Ward,
whitney,julia_campbell,Whitney,Julia Campbell,
the_fan,larry_joe_campbell,The Fan,Larry Joe Campbell,
the_museum_official,merrin_dungey,The Museum Official,Merrin Dungey,
the_customer,brian_dunkleman,The Customer,Brian Dunkleman,
the_woman,amy_hill,the Woman,Amy Hill,
mr_thompson,steve_hytner,Mr. Thompson,Steve Hytner,
patrick,chris_kennedy,Patrick,Chris Kennedy,
woman,suzanne_lanza,Woman,Suzanne Lanza,
the_receptionist,jill_matsonsachoff,The Receptionist,Jill Matson-Sachoff,
the_maitre_d,terry_rhoads,the Maitre D',Terry Rhoads,
burt,richard_roat,Burt,Richard Roat,
the_head_librarian,michael_d_roberts,the Head Librarian,Michael D. Roberts,
the_woman_at_the_table,joeanna_sayler,The Woman At The Table,Joeanna Sayler,
hilda,jean_st_james,Hilda,Jean St. James,
woman_1,susan_yeagley,Woman #1,Susan Yeagley,
the_second_guest,gina_belafonte,the Second Guest,Gina Belafonte,
tom,jack_betts,Tom,Jack Betts,
dr_schiff,shawn_christian,Dr. Schiff,Shawn Christian,
the_hooker,jackie_debatin,The Hooker,Jackie Debatin,
the_supervisor,joyce_guy,the Supervisor,Joyce Guy,
the_ticket_agent,lyn_alicia_henderson,the Ticket Agent,Lyn Alicia Henderson,
the_man_at_wedding,harry_s_murphy,The Man at Wedding,Harry S. Murphy,
the_teacher,tammy_townsend,The Teacher,Tammy Townsend,
ned_morse,vince_vieluf,Ned Morse,Vince Vieluf,
the_maitre_d,kevin_farrell,the Maitre D',Kevin Farrell,
sally,elaine_hendrix,Sally,Elaine Hendrix,
jim_nelson,james_le_gros,Jim Nelson,James Le Gros,
sandy,freddie_prinze_jr,Sandy,Freddie Prinze Jr.,
mr_tyler,tucker_smallwood,Mr. Tyler,Tucker Smallwood,
katherine,adria_tennor,Katherine,Adria Tennor,
hayley,susan_ward,Hayley,Susan Ward,https://www.imdb.com/title/tt0108778/characters/nm0911861
chandlers_assistant,irene_white,Chandler's Assistant,Irene White,
the_student,matthew_yang_king,The Student,Matthew Yang King,
glenda,iris_bahr,Glenda,Iris Bahr,
professor_jarvis_oberblau,john_balma,Professor Jarvis Oberblau,John Balma,
waiter_2,john_bentley,Waiter #2,John Bentley,
precious,anne_dudek,Precious,Anne Dudek,
the_director,evan_handler,The Director,Evan Handler,
jordan,teck_holmes,Jordan,Teck Holmes,https://www.imdb.com/title/tt0108778/characters/nm0392068
professor_spafford,ken_lerner,Professor Spafford,Ken Lerner,
dr_li,ming_lo,Dr. Li,Ming Lo,
chase,blake_reed,Chase,Blake Reed,https://www.imdb.com/title/tt0108778/characters/nm2294927
owen,daryl_sabara,Owen,Daryl Sabara,
manny,jonathan_slavin,Manny,Jonathan Slavin,
the_nurse,myra_turley,the Nurse,Myra Turley,
the_charity_clerk,matt_winston,the Charity Clerk,Matt Winston,
nurse,hira_ambrosino,Nurse,Hira Ambrosino,
donny_osmond,donny_osmond,Donny Osmond,Donny Osmond,
sarah,annie_parisse,Sarah,Annie Parisse,https://www.imdb.com/title/tt0108778/characters/nm0661755
leslie,leesa_bryte,Leslie,Leesa Bryte,
lowell,stuart_fratkin,Lowell,Stuart Fratkin,
obsession_girl,lara_harris,Obsession Girl,Lara Harris,
max,wayne_pere,Max,Wayne Pére,https://www.imdb.com/title/tt0108778/characters/nm0701818
the_hombre_man,joel_beeson,The Hombre Man,Joel Beeson,https://www.imdb.com/title/tt0108778/characters/nm0066602
robin,catherine_bell,Robin,Catherine Bell,
flight_representative,kerrie_clark,Flight Representative,Kerrie Clark,
waiter,marcus_jacques,Waiter,Marcus Jacques,
lydia,leah_remini,Lydia,Leah Remini,
actor,philip_rayburn_smith,Actor,Philip Rayburn Smith,
gloria_tribbiani,brenda_vaccaro,Gloria Tribbiani,Brenda Vaccaro,https://www.imdb.com/title/tt0108778/characters/nm0882853
lorraine,nancy_valen,Lorraine,Nancy Valen,
samantha,angela_visser,Samantha,Angela Visser,
dr_jeffrey_rosen,noah_wyle,Dr. Jeffrey Rosen,Noah Wyle,
roy_gublik,michael_bower,Roy Gublik,Michael Bower,
mattress_king,mark_cohen,Mattress King,Mark Cohen,https://www.imdb.com/title/tt0108778/characters/nm0169581
tilly,mary_gallagher,Tilly,Mary Gallagher,
casting_director,jason_graae,Casting Director,Jason Graae,
jeannie,marypat_green,Jeannie,Mary-Pat Green,
mindy,jana_marie_hupp,Mindy,Jana Marie Hupp,https://www.imdb.com/title/tt0108778/characters/nm0403272
monkey_trainer,seth_isler,Monkey Trainer,Seth Isler,
mr_adelman,phil_leeds,Mr. Adelman,Phil Leeds,
horrible_woman,linda_lutz,Horrible Woman,Linda Lutz,
mrs_buffay,laraine_newman,Mrs. Buffay,Laraine Newman,
charla_nichols,kyla_pratt,Charla Nichols,Kyla Pratt,
betsy,marissa_ribisi,Betsy,Marissa Ribisi,https://www.imdb.com/title/tt0108778/characters/nm0005356
guest,nancy_rubin,Guest,Nancy Rubin,
mr_lipson,fred_willard,Mr. Lipson,Fred Willard,
drew,micheal_dimaggio,Drew,Micheal DiMaggio,
jason,robert_gant,Jason,Robert Gant,
nurse,marcy_goldman,Nurse,Marcy Goldman,
richards_date,gina_hecht,Richard's Date,Gina Hecht,
cookie_tribbiani,alex_meneses,Cookie Tribbiani,Alex Meneses,
mrs_lynch,jennifer_rhodes,Mrs. Lynch,Jennifer Rhodes,
josh,brian_smith,Josh,Brian 'Fish' Smith,
peter,ken_weiler,Peter,Ken Weiler,
bob,tom_bailey,Bob,Tom Bailey,
tom,doug_benson,Tom,Doug Benson,
the_saleslady,anne_betancourt,The Saleslady,Anne Betancourt,
dan,patrick_fabian,Dan,Patrick Fabian,
the_doctor,robert_m_koch,The Doctor,Robert M. Koch,
the_ad,carlos_lacamara,The A.D.,Carlos Lacamara,https://www.imdb.com/title/tt0108778/characters/nm0479801
the_gentleman_on_the_plane,hugh_laurie,The Gentleman on the Plane,Hugh Laurie,https://www.imdb.com/title/tt0108778/characters/nm0491402
the_pbs_volunteer,john_r_mclaughlin,The PBS Volunteer,John R. McLaughlin,
devon,adamo_palladino,Devon,Adamo Palladino,
the_female_student,alexia_roberts,The Female Student,Alexia Roberts,
guest_2,linde_gibb,Guest #2,Linde Gibb,
the_man,marc_goldsmith,The Man,Marc Goldsmith,
the_security_guard,rojai_holloway,The Security Guard,Rojai Holloway,
the_woman,charity_nicole_james,The Woman,Charity Nicole James,
the_casting_director,judy_kain,The Casting Director,Judy Kain,
meg,janelle_paradee,Meg,Janelle Paradee,https://www.imdb.com/title/tt0108778/characters/nm0660816
hillary,missi_pyle,Hillary,Missi Pyle,https://www.imdb.com/title/tt0108778/characters/nm0701512
kara,lise_simms,Kara,Lise Simms,https://www.imdb.com/title/tt0108778/characters/nm0799985
woman_1,antoinette_spolar,Woman #1,Antoinette Spolar,
the_saleswoman,aloma_wright,The Saleswoman,Aloma Wright,
mr_bowmont,john_apicella,Mr. Bowmont,John Apicella,
jeweler_2,janet_s_blake,Jeweler #2,Janet S. Blake,
the_librarian,doug_budin,the Librarian,Doug Budin,
the_salesman,sean_corvelle,The Salesman,Sean Corvelle,
eldad,josh_coxx,Eldad,Josh Coxx,
jack,paul_gleason,Jack,Paul Gleason,
woman_2,cheryl_hines,Woman #2,Cheryl Hines,
melissa,caroline_keenan,Melissa,Caroline Keenan,
the_doctor,ron_recasner,The Doctor,Ron Recasner,
kathy,cody_tucker,Kathy,Cody Tucker,
the_dry_cleaner,ilia_volok,The Dry Cleaner,Ilia Volok,
fireman_1,greg_wrangler,Fireman #1,Greg Wrangler,
the_director,scott_adsit,the Director,Scott Adsit,
policeman_2,chuck_martinez,Policeman #2,Chuck Martinez,
the_woman_at_wedding,teresa_parente,The Woman at Wedding,Teresa Parente,
dennis_phillips,jim_piddock,Dennis Phillips,Jim Piddock,
mr_franklin,geoff_pierson,Mr. Franklin,Geoff Pierson,
mrs_verhoeven,dale_raoul,Mrs. Verhoeven,Dale Raoul,
the_waiter,mailon_rivera,the Waiter,Mailon Rivera,
the_guy,steven_rozic,The 'Hey Guy' Guy,Steven Rozic,
the_man_in_sportscar,wayne_edward_sherwood,The man in sportscar,Wayne Edward Sherwood,
the_boy_in_the_cape,daniel_e_smith,the Boy in the Cape,Daniel E. Smith,
dina_tribbiani,marla_sokoloff,Dina Tribbiani,Marla Sokoloff,
fredrick,george_stults,Fredrick,George Stults,
poppy,nikita_ager,Poppy,Nikita Ager,
bill,chris_payne_gilbert,Bill,Chris Payne Gilbert,
cathy_the_realtor,robin_krieger,Cathy the Realtor,Robin Krieger,
the_food_critic,tim_maculan,the Food Critic,Tim Maculan,
catherine,kat_sawyer,Catherine,Kat Sawyer,
prospective_nanny,susan_slome,Prospective Nanny,Susan Slome,
the_waitress,caryn_ward,The Waitress,Caryn Ward,
dr_gettleman,gregory_white,Dr. Gettleman,Gregory White,
the_waiter_2,terence_paul_winter,The Waiter #2,Terence Paul Winter,
customer_1,shayne_anderson,Customer #1,Shayne Anderson,
michelle,jennifer_aspen,Michelle,Jennifer Aspen,
the_spa_receptionist,debra_azar,the Spa Receptionist,Debra Azar,
bitter_woman_on_stage,alex_borstein,Bitter Woman on Stage,Alex Borstein,
lowell,kyle_gass,Lowell,Kyle Gass,
tom_gordon,ernie_grunwald,Tom Gordon,Ernie Grunwald,
dr_biely,cathy_lind_hayes,Dr. Biely,Cathy Lind Hayes,
bill,jim_meskimen,Bill,Jim Meskimen,
tabitha,carly_thomas_smith,Tabitha,Carly Thomas Smith,
dr_connelly,andy_umberger,Dr. Connelly,Andy Umberger,
sarah,audrey_wasilewski,Sarah,Audrey Wasilewski,
the_waiter,jorge_luis_abreu,The Waiter,Jorge Luis Abreu,
gene,gregory_jbara,Gene,Gregory Jbara,https://www.imdb.com/title/tt0108778/characters/nm0419813
casting_assistant,alex_craig_mann,Casting Assistant,Alex Craig Mann,
sandy,sarah_macdonnell,Sandy,Sarah MacDonnell,
pizza_guy,sean_whalen,Pizza Guy,Sean Whalen,
jim,hugh_dane,Jim,Hugh Dane,
nina_bookbinder,jennifer_grant,Nina Bookbinder,Jennifer Grant,https://www.imdb.com/title/tt0108778/characters/nm0335462
customer,jo_jean_pagano,Customer,Jo Jean Pagano,
fireman_dave,larry_poindexter,Fireman Dave,Larry Poindexter,
annabel,emily_procter,Annabel,Emily Procter,
tia,elizabeth_sjoli,Tia,Elizabeth Sjoli,
bob,warren_berlinger,Bob,Warren Berlinger,
delivery_man,andre_rosey_brown,Delivery Man,Andre Rosey Brown,
man,lewis_dix_jr,Man,Lewis Dix Jr.,
minister,candace_gingrich,Minister,Candace Gingrich,
supervisor,tim_hutchinson,Supervisor,Tim Hutchinson,
security_guard,steven_m_porter,Security Guard,Steven M. Porter,
troop_leader,romy_rosemont,Troop Leader,Romy Rosemont,
amber,vanessa_sandin,Amber,Vanessa Sandin,
joel,peter_spears,Joel,Peter Spears,
waiter,scott_stewart,Waiter,Scott Stewart,
gail,lou_thornton,Gail,Lou Thornton,
the_woman_on_the_train,shannon_maureen_brown,The Woman On The Train,Shannon Maureen Brown,
dr_rhodes,richard_gant,Dr. Rhodes,Richard Gant,
gym_employee,brien_perry,Gym Employee,Brien Perry,
nonna_tribbiani,penny_santon,Nonna Tribbiani,Penny Santon,
jeannine,wendy_schaal,Jeannine,Wendy Schaal,
the_thief,marc_unger,The Thief,Marc Unger,
the_man,lee_arenberg,The Man,Lee Arenberg,
the_doctor,shirley_jordan,The Doctor,Shirley Jordan,
sleep_clinic_worker,thea_mann,Sleep Clinic Worker,Thea Mann,https://www.imdb.com/title/tt0108778/characters/nm0542996
the_housekeeper,alec_mapa,The Housekeeper,Alec Mapa,
ticket_counter_attendant,robin_mcdonald,Ticket Counter Attendant,Robin McDonald,
the_cigarette_guy,rocky_mcmurray,The Cigarette Guy,Rocky McMurray,
joeys_doctor,iqbal_theba,Joey's Doctor,Iqbal Theba,
the_flight_attendant,lisa_cash,The Flight Attendant,Lisa Cash,
guest_3,stephon_fuller,Guest #3,Stephon Fuller,
the_little_girl,devyn_labella,The Little Girl,Devyn LaBella,
the_gambler,frank_novak,The Gambler,Frank Novak,
dancer_on_platform,sandra_plazinic,Dancer on Platform,Sandra Plazinic,
kyle,jim_wise,Kyle,Jim Wise,
the_instructor,mongo_brownlee,The Instructor,Mongo Brownlee,
gary,jonathan_t_floyd,Gary,Jonathan T. Floyd,
nurse_1,cynthia_graham,Nurse #1,Cynthia Graham,
the_producer,brad_koepenick,The Producer,Brad Koepenick,
the_woman,sarah_murdoch,The woman,Sarah Murdoch,
zoe,natasha_pearce,Zoe,Natasha Pearce,
fireman_2,david_warshofsky,Fireman #2,David Warshofsky,
the_man,barry_wiggins,the Man,Barry Wiggins,
marge,wendee_cole,Marge,Wendee Cole,
the_ballerina,rachel_david,the Ballerina,Rachel David,
the_front_desk_clerk,reggie_jordan,The Front Desk Clerk,Reggie Jordan,
aunt_millie,darlene_kardon,Aunt Millie,Darlene Kardon,
the_accountant,cindy_lu,the Accountant,Cindy Lu,
kash_ford,johnny_messner,Kash Ford,Johnny Messner,
the_airline_employee,john_obrien,the Airline Employee,John O'Brien,
bobby,marc_rose,Bobby,Marc Rose,
the_locksmith,wesley_thompson,The Locksmith,Wesley Thompson,
presenter,mckenzie_westmore,Presenter,McKenzie Westmore,
the_waiter,martin_yu,The Waiter,Martin Yu,
bartender,kevin_brief,Bartender,Kevin Brief,
aunt_lisa,ellen_gerstein,Aunt Lisa,Ellen Gerstein,
julie,rachael_harris,Julie,Rachael Harris,
the_nurse,angee_hughes,The Nurse,Angee Hughes,
monas_date,mark_lutz,Mona's Date,Mark Lutz,
the_acting_teacher,scott_richards,the Acting Teacher,Scott Richards,
sonya,lori_alan,Sonya,Lori Alan,https://www.imdb.com/title/tt0108778/characters/nm0015935
professor_sherman,dan_desmond,Professor Sherman,Dan Desmond,
dirk,ethan_erickson,Dirk,Ethan Erickson,
the_female_producer,suzanne_ford,the Female Producer,Suzanne Ford,
heather,cheryl_kennard,Heather,Cheryl Kennard,
customer_2,keith_pillow,Customer #2,Keith Pillow,
colleen,kellie_waymire,Colleen,Kellie Waymire,
leslie_charleson,leslie_charleson,Leslie Charleson,Leslie Charleson,
director,tim_rhoze,Director,Tim Rhoze,
joan,carla_toutz,Joan,Carla Toutz,
bratty_boy,benjamin_caya,Bratty Boy,Benjamin Caya,
andrea,carolyn_lowery,Andrea,Carolyn Lowery,
fireman_charlie,jay_acovone,Fireman Charlie,Jay Acovone,
roy,carlo_imperato,Roy,Carlo Imperato,
man,richard_lyons,Man,Richard Lyons,
the_lamaze_teacher,michele_lamar_richards,The Lamaze Teacher,Michele Lamar Richards,https://www.imdb.com/title/tt0108778/characters/nm0724247
becky,jennifer_sommerfeld,Becky,Jennifer Sommerfeld,
young_ross,edo_azran,Young Ross,Edo Azran,
jonathan,tim_bohn,Jonathan,Tim Bohn,
tattoo_artist,josie_divincenzo,Tattoo Artist,Josie DiVincenzo,
old_woman,sandra_gould,Old Woman,Sandra Gould,
_guy,sean_masterson,'Monkeyshine' Guy,Sean Masterson,
waitress,christy_l_medrano,Waitress,Christy L. Medrano,
messenger,brian_posehn,Messenger,Brian Posehn,
chrissy,symba,Chrissy,Symba,
hospital_administrator,ethel_ayler,Hospital Administrator,Ethel Ayler,
bank_officer,christopher_carroll,Bank Officer,Christopher Carroll,
mrs_becker,carole_goldman,Mrs. Becker,Carole Goldman,
nancy,hillary_matthews,Nancy,Hillary Matthews,
stevens,joe_oconnor,Stevens,Joe O'Connor,
the_kitchen_worker,amy_smallman,The Kitchen Worker,Amy Smallman,
gina_tribbiani,kj_steinberg,Gina Tribbiani,K.J. Steinberg,
charlton_heston,charlton_heston,Charlton Heston,Charlton Heston,https://www.imdb.com/title/tt0108778/characters/nm0000032
ginger,robyn_pedretti,Ginger,Robyn Pedretti,
mr_burgin,john_bennett_perry,Mr. Burgin,John Bennett Perry,
rhonda_the_tour_guide,sherri_shepherd,Rhonda, The Tour Guide,Sherri Shepherd,
dr_oberman,tj_thyne,Dr. Oberman,T.J. Thyne,
the_housekeeper,june_whitfield,The Housekeeper,June Whitfield,
the_dancing_girl,sybil_azur,The Dancing Girl,Sybil Azur,
the_professor,rick_fitts,The Professor,Rick Fitts,
the_old_man,ralph_manza,The Old Man,Ralph Manza,
the_woman_dealer,gabi_simson,The Woman Dealer,Gabi Simson,
guy_2,dennis_singletary,Guy #2,Dennis Singletary,
lydia,louisa_abernathy,Lydia,Louisa Abernathy,
the_photographer,roger_eschbacher,the Photographer,Roger Eschbacher,https://www.imdb.com/title/tt0108778/characters/nm0260241
sarah,tori_mcpetrie,Sarah,Tori McPetrie,
the_dry_cleaners_wife,susie_park,The Dry Cleaner's Wife,Susie Park,
nurse_2,renee_rogers,Nurse #2,Renee Rogers,
the_front_desk_clerk,anita_dashiell,the Front Desk Clerk,Anita Dashiell,
frannie,robyn_donny,Frannie,Robyn Donny,
lelani_mayolanofavich,emily_osment,Lelani Mayolanofavich,Emily Osment,
marc,tim_dekay,Marc,Tim DeKay,
uncle_dan,john_c_moskoff,Uncle Dan,John C. Moskoff,
the_receptionist,greta_sesheta,The Receptionist,Greta Sesheta,
leslie_buffay,allisyn_ashley_arm,Leslie Buffay,Allisyn Ashley Arm,
matthew_ashford,matthew_ashford,Matthew Ashford,Matthew Ashford,https://www.imdb.com/title/tt0108778/characters/nm0038932
the_casting_director,michelle_anne_johnson,the Casting Director,Michelle Anne Johnson,
jeanette,cynthia_newman,Jeanette,Cynthia Newman,
customer_3,johnny_sneed,Customer #3,Johnny Sneed,
adrienne_turner,kimberley_davies,Adrienne Turner,Kimberley Davies,
james_campbell,brent_spiner,James Campbell,Brent Spiner,
dr_oberman,joan_pringle,Dr. Oberman,Joan Pringle,https://www.imdb.com/title/tt0108778/characters/nm0697824
nanas_nurse,marilyn_tokuda,Nana's Nurse,Marilyn Tokuda,
fireman_ed,joel_gretsch,Fireman Ed,Joel Gretsch,
fran_devanow,leila_kenzle,Fran Devanow,Leila Kenzle,https://www.imdb.com/title/tt0108778/characters/nm0005087
manager,stan_sellers,Manager,Stan Sellers,
christmas_tree_customer,gene_crane,Christmas Tree Customer,Gene Crane,
woman,lea_delaria,Woman,Lea DeLaria,
jester,simon_harvey,Jester,Simon Harvey,
young_monica,sierra_dawn_hill,Young Monica,Sierra Dawn Hill,
little_boy,tahj_mowry,Little Boy,Tahj Mowry,https://www.imdb.com/title/tt0108778/characters/nm0005254
writer,james_e_reilly,Writer,James E. Reilly,
arik,stephen_samuels,Arik,Stephen Samuels,
the_poughkeepsie_woman,yasemin_baytok,The Poughkeepsie Woman,Yasemin Baytok,
referee,john_mccarthy,Referee,John McCarthy,
dina_tribbiani,lisa_melilli,Dina Tribbiani,Lisa Melilli,
maria_the_gym_lady,amber_smith,Maria the Gym Lady,Amber Smith,
tommy,ben_stiller,Tommy,Ben Stiller,https://www.imdb.com/title/tt0108778/characters/nm0001774
the_nurse,brenda_isaacs_booth,The Nurse,Brenda Isaacs Booth,
mrs_burgin,pat_crowley,Mrs. Burgin,Pat Crowley,
the_smart_kid,miles_marsico,The Smart Kid,Miles Marsico,
young_chandler,joshua_duvall_preston,Young Chandler,Joshua Duvall Preston,https://www.imdb.com/title/tt0108778/characters/nm0696447
alex,ian_meltzer,Alex,Ian Meltzer,
the_passerby,steve_pierce,The Passerby,Steve Pierce,
the_guy_in_library,andy_brewster,the Guy in Library,Andy Brewster,
arthur,larry_cox,Arthur,Larry Cox,
mel,david_moreland,Mel,David Moreland,
first_dorm_guy,anil_raman,First Dorm Guy,Anil Raman,
stryker,eric_rutherford,Stryker,Eric Rutherford,
stuart,joe_coyle,Stuart,Joe Coyle,
the_woman,stephanie_dicker,the Woman,Stephanie Dicker,
the_photographer,allen_lulu,the Photographer,Allen Lulu,
the_cowgirl,ivy_malone,The Cowgirl,Ivy Malone,
the_priest,steve_susskind,the Priest,Steve Susskind,
the_girl_in_the_doctors_office,ashly_holloway,The Girl in the Doctor's Office,Ashly Holloway,
nurse_1,jonell_kennedy,Nurse #1,JoNell Kennedy,https://www.imdb.com/title/tt0108778/characters/nm0448129
the_male_guest,tim_silva,the Male Guest,Tim Silva,
the_receptionist,kristen_ariza,The Receptionist,Kristen Ariza,
the_soap_actor,paul_logan,The Soap Actor,Paul Logan,
kyle_lowder,kyle_lowder,Kyle Lowder,Kyle Lowder,https://www.imdb.com/title/tt0108778/characters/nm0522865
chandler_buffay,sierra_marcoux,Chandler Buffay,Sierra Marcoux,
pizza_delivery_boy,ryan_carlberg,Pizza Delivery Boy,Ryan Carlberg,
the_maitre_d,tom_dugan,the Maitre D',Tom Dugan,
marsha,merrill_markoe,Marsha,Merrill Markoe,https://www.imdb.com/title/tt0108778/characters/nm0548582
jamie_buchman,helen_hunt,Jamie Buchman,Helen Hunt,https://www.imdb.com/title/tt0108778/characters/nm0000166
customer,lou_wills,Customer,Lou Wills,
acting_student_1,shashi_bhatia,Acting Student #1,Shashi Bhatia,
security_guard,lawrence_a_mandley,Security Guard,Lawrence A. Mandley,
wedding_planner,mindy_sterling,Wedding Planner,Mindy Sterling,
karen_lambert,hope_allen,Karen Lambert,Hope Allen,
announcer,bruce_buffer,Announcer,Bruce Buffer,
cailin,laura_cayouette,Cailin,Laura Cayouette,https://www.imdb.com/title/tt0108778/characters/nm0147312
the_conductor,vic_helford,The Conductor,Vic Helford,
the_delivery_room_nurse,heidi_beck,The Delivery Room Nurse,Heidi Beck,
the_ticket_agent,jane_carr,The Ticket Agent,Jane Carr,https://www.imdb.com/title/tt0108778/characters/nm0139732
the_older_scientist,jack_ong,The Older Scientist,Jack Ong,
the_student,michael_naughton,The Student,Michael Naughton,
raymond,matt_weinberg,Raymond,Matt Weinberg,
the_nurse,cacey_kirshner,The Nurse,Cacey Kirshner,
lisa,jacqueline_schultz,Lisa,Jacqueline Schultz,
the_guy_student,nicholas_thomas,the Guy Student,Nicholas Thomas,
the_man,jim_hanna,The man,Jim Hanna,
the_waitress,michelle_haury,the Waitress,Michelle Haury,
the_woman,laurie_okin,the Woman,Laurie Okin,
amanda,claudia_stedelin,Amanda,Claudia Stedelin,
the_female_guest,aixa_clemente,the Female Guest,Aixa Clemente,
the_boy_in_the_doctors_office,logan_hudson,The Boy in the Doctor's Office,Logan Hudson,
nurse_2,henriette_mantel,Nurse #2,Henriette Mantel,
the_woman,deanna_kane,The Woman,DeAnna Kane,
frank_buffay_jr_jr,dante_pastula,Frank Buffay Jr. Jr.,Dante Pastula,
dressing_room_woman,tracy_silver,Dressing Room Woman,Tracy Silver,
the_realtor,helen_eigenberg,the Realtor,Helen Eigenberg,
henrietta,cyndi_martino,Henrietta,Cyndi Martino,
woman,patty_tiffany,Woman,Patty Tiffany,
waiter,d_elliot_woods,Waiter,D. Elliot Woods,
interviewer,cheryl_francis_harrington,Interviewer,Cheryl Francis Harrington,
the_crew_member,matt_bellner,The Crew Member,Matt Bellner,
the_maitre_d,tony_nichols,The Maitre D',Tony Nichols,
the_girl_student,jessica_a_osullivan,the Girl Student,Jessica A. O'Sullivan,
the_bandleader,dane_anthony,the Bandleader,Dane Anthony,
woman_2,megan_linder,Woman #2,Megan Linder,
rita,mary_margaret_lewis,Rita,Mary Margaret Lewis,
coma_woman,karman_kruschke,Coma Woman,Karman Kruschke,https://www.imdb.com/title/tt0108778/characters/nm0472820
the_waiter,daniel_caltagirone,The Waiter,Daniel Caltagirone,
another_scientist,chip_chinery,Another Scientist,Chip Chinery,
melinda,steffani_brass,Melinda,Steffani Brass,
the_second_girl,kendall_hebert,the Second Girl,Kendall Hebert,
the_clerk,craig_robinson,The Clerk,Craig Robinson,
the_older_guest,heathcote_williams,The Older Guest,Heathcote Williams,
doctor,mark_daniel_cade,Doctor,Mark Daniel Cade,
ralph_lauren_employee,alex_ball,Ralph Lauren Employee,Alex Ball,
gert,rachel_snow,Gert,Rachel Snow,
woman_giving_birth,laura_margolis,Woman Giving Birth,Laura Margolis,
woman_with_mild_contractions,karin_co,Woman with Mild Contractions,Karin Co,
sick_bastard,jimmy_palumbo,Sick Bastard,Jimmy Palumbo,
nurse_3,sarah_rush,Nurse #3,Sarah Rush,
mike,patrick_obell,Mike,Patrick O'Bell,
counter_dancer,jill_melody,Counter Dancer,Jill Melody,
business_news_anchor,richard_saxton,Business News Anchor,Richard Saxton,
girl_scout,julie_grady_thomas,Girl Scout,Julie Grady Thomas,
bike_messenger,shannon_brown,Bike Messenger,Shannon Brown,
party_guest,ferdinand_mehlinger,Party Guest,Ferdinand Mehlinger,
the_latte_guy,alex_boling,The Latte Guy,Alex Boling,
groom,george_alan,Groom,George Alan,
hotel_valet,jason_carroll,Hotel Valet,Jason Carroll,
the_guy_on_the_tape,andre_fortin,The Guy on the Tape,André Fortin,
emma_gellergreen,cali_sheldon,Emma Geller-Green,Cali Sheldon,
emma_gellergreen,noelle_sheldon,Emma Geller-Green,Noelle Sheldon,
marcel_the_monkey,katie,Marcel the Monkey,Katie,https://www.imdb.com/title/tt0108778/characters/nm1442174
airplane_passenger,tony_sagastizado_i,Airplane Passenger,Tony Sagastizado I,
director,marta_kauffman,Director,Marta Kauffman,https://www.imdb.com/title/tt0108778/characters/nm0442035
coffee_shop_patron,anthony_backman,Coffee Shop Patron,Anthony Backman,
concerned_parent,thomas_james_kepner,Concerned Parent,Thomas James Kepner,
director,kevin_bright,Director,Kevin Bright,https://www.imdb.com/title/tt0108778/characters/nm0109159
director,david_crane,Director,David Crane,https://www.imdb.com/title/tt0108778/characters/nm0186331
coffee_shop_patron,paxton_culpepper,Coffee Shop Patron,Paxton Culpepper,
guy_on_plane,joel_heyman,Guy on Plane,Joel Heyman,https://www.imdb.com/title/tt0108778/characters/nm0382273
wedding_guest,roger_hamilton,Wedding Guest,Roger Hamilton,
coffee_shop_patron,j_graigory,Coffee Shop Patron,J Graigory,
girlfriend_in_coffee_shop,jeannette_papineau,Girlfriend in Coffee Shop,Jeannette Papineau,
coffee_shop_patron,angelika_roberts,Coffee Shop Patron,Angelika Roberts,
hockey_fan,jeff_astrof,Hockey Fan,Jeff Astrof,
director,james_burrows,Director,James Burrows,
hockey_fan,adam_chase,Hockey Fan,Adam Chase,
dick_clark,dick_clark,Dick Clark,Dick Clark,
central_perk_coffee_shop_patron,renee_fishman,Central Perk Coffee Shop Patron,Renee Fishman,
freud_theatre_actress,jillian_fontaine,Freud! Theatre Actress,Jillian Fontaine,https://www.imdb.com/title/tt0108778/characters/nm1676550
coffee_shop_patron,bryan_hanna,Coffee Shop Patron,Bryan Hanna,
hockey_fan,mike_sikowitz,Hockey Fan,Mike Sikowitz,
brian,david_sobel,Brian,David Sobel,
jay_leno,jay_leno,Jay Leno,Jay Leno,https://www.imdb.com/title/tt0108778/characters/nm0005143
airline_passenger,jack_riley,Airline Passenger,Jack Riley,
girl_1,alex_spencer,Girl #1,Alex Spencer,
caroline_duffy,lea_thompson,Caroline Duffy,Lea Thompson,https://www.imdb.com/title/tt0108778/characters/nm0000670
studio_engineer,willie_basse,Studio Engineer,Willie Basse,
monkeyshines_beer_announcer,jim_cummings,Monkeyshines Beer Announcer,Jim Cummings,
groomsman,richard_lawrence,Groomsman,Richard Lawrence,
coffee_shop_patron,darin_mangan,Coffee Shop Patron,Darin Mangan,
tank_abbott,david_abbott,Tank Abbott,David Abbott,
video_store_customer,robert_aguilar_jr,Video Store Customer,Robert Aguilar Jr.,
coffee_house_patron,laura_bennecke,Coffee House Patron,Laura Bennecke,
theater_patron,peter_bonerz,Theater Patron,Peter Bonerz,https://www.imdb.com/title/tt0108778/characters/nm0094288
tim,billy_crystal,Tim,Billy Crystal,https://www.imdb.com/title/tt0108778/characters/nm0000345
bar_girl,shannon_frank,Bar Girl,Shannon Frank,
mary_angela_tribbiani,holly_gagnier,Mary Angela Tribbiani,Holly Gagnier,
worlds_greatest_trainer,andre_m_johnson,World's Greatest Trainer,Andre M. Johnson,
tina_tribbiani,lisa_maris,Tina Tribbiani,Lisa Maris,
piano_player,shelly_markham,Piano Player,Shelly Markham,
veronica_tribbiani,dena_miceli,Veronica Tribbiani,Dena Miceli,
jonny,scott_sandler,Jonny,Scott Sandler,
noisy_upstairs_neighbour,ira_ungerleider,Noisy Upstairs Neighbour,Ira Ungerleider,
tomas,robin_williams,Tomas,Robin Williams,https://www.imdb.com/title/tt0108778/characters/nm0000245
man_at_airport,shelly_desai,Man at Airport,Shelly Desai,https://www.imdb.com/title/tt0108778/characters/nm0220841
adult_film_actor,nick_east,Adult Film Actor,Nick East,
civil_war_stretcher_bearer,john_luder,Civil War Stretcher Bearer,John Luder,
man_on_airplane,greg_malins,Man on Airplane,Greg Malins,
eric_garcia,johancarl_nowack,Eric Garcia,Johan-Carl Nowack,
doctor_1,rodney_sherwood,Doctor #1,Rodney Sherwood,
nick,craig_strong,Nick,Craig Strong,
man_kissed_on_the_plane,paul_gebeau,Man Kissed on the Plane,Paul Gebeau,
dancer_on_screen,alex_kalognomos,Dancer on Screen,Alex Kalognomos,
casino_boss,james_paradise,Casino Boss,James Paradise,
party_goer,paul_sinacore,Party Goer,Paul Sinacore,
joey_clone,preston_james_hillier,Joey Clone,Preston James Hillier,
the_waiter,ben_hisoler,The Waiter,Ben Hisoler,
twin_2,shane_keller,Twin #2,Shane Keller,
scarlett,elizabeth_talbotadams,Scarlett,Elizabeth Talbot-Adams,
coffee_shop_customer,ian_thorpe,Coffee Shop Customer,Ian Thorpe,
patron,chad_wingerd,Patron,Chad Wingerd,
writer,jeffrey_asch,Writer,Jeffrey Asch,
coffee_shop_patron,mike_j_daugherity,Coffee Shop Patron,Mike J Daugherity,
airport_security_1,kim_delgado,Airport Security #1,Kim Delgado,
coffee_shop_customer,sarfraz_manzoor,Coffee Shop Customer,Sarfraz Manzoor,
airport_security_2,christopher_michael,Airport Security #2,Christopher Michael,
patron_in_coffee_shop,janelle_pierzina,Patron in Coffee Shop,Janelle Pierzina,
will_colbert,brad_pitt,Will Colbert,Brad Pitt,https://www.imdb.com/title/tt0108778/characters/nm0000093
john_wheeler,kurtis_rintala,John Wheeler,Kurtis Rintala,
dancer,jeri_slaughter,Dancer,Jeri Slaughter,
dancer,kevin_alexander_stea,Dancer,Kevin Alexander Stea,
woman,vanessa_white,Woman,Vanessa White,
male_guest,bob_bencomo,Male Guest,Bob Bencomo,
guy_in_coffee_shop,joel_berti,Guy in Coffee Shop,Joel Berti,
mr_squiggles,michael_burgess,Mr. Squiggles,Michael Burgess,
bellhop,phil_donlon,Bellhop,Phil Donlon,
baby_3,mikey_evgen,Baby #3,Mikey Evgen,
dr_toes,jodi_knotts,Dr. Toes,Jodi Knotts,
walter,michael_kurtz,Walter,Michael Kurtz,
tom_engel,andre_lachaumette,Tom Engel,Andre Lachaumette,
girl_in_coffee_shop,lauren_bush_lauren,Girl in Coffee Shop,Lauren Bush Lauren,
man_with_microphone,ben_shephard,Man with Microphone,Ben Shephard,
waitress,danielle_stratton,Waitress,Danielle Stratton,
convention_prankster,bill_blair,Convention Prankster,Bill Blair,
coffee_patron,mary_castro,Coffee Patron,Mary Castro,
receptionist,susan_chuang,Receptionist,Susan Chuang,
intern,bernard_curioso,Intern,Bernard Curioso,
farah_fath,farah_fath,Farah Fath,Farah Fath,
coffee_shop_patron,gregory_graham,Coffee Shop Patron,Gregory Graham,
nacho_guy,john_rhymes,Nacho Guy,John Rhymes,
coffee_shop_patron,john_damien_ryan,Coffee Shop Patron,John Damien Ryan,
alexis_thorpe,alexis_thorpe,Alexis Thorpe,Alexis Thorpe,
reunion_guest,george_adams,Reunion Guest,George Adams,
bridal_shower_guest,valerie_anastasias,Bridal Shower Guest,Valerie Anastasias,
father,edward_james_gage,Father,Edward James Gage,
groomsman,chris_mcnair,Groomsman,Chris McNair,
reunion_member,john_o_nelson,Reunion Member,John O. Nelson,
stewardess,paula_newsome,Stewardess,Paula Newsome,
partygoer,garrison_taylor,Partygoer,Garrison Taylor,
